,0
0,information
1,Iran
2,regional
3,Yes
4,all
5,design
6,really
7,being
8,clothes
9,cars
10,answered
11,magazine
12,three
13,author
14,very
15,increase
16,All
17,given
18,Click
19,Mac
20,producer
21,range
22,founder
23,change
24,current
25,elected
26,year
27,Google
28,eight
29,iPhone
30,Still
31,hundred
32,our
33,some
34,index.php
35,particular
36,Lord
37,led
38,social
39,just
40,five
41,II
42,File
43,son
44,tool
45,use
46,six
47,III
48,your
49,him
50,this
51,So
52,amount
53,specific
54,government
55,fingers
56,joined
57,since
58,blog
59,offer
60,Source
61,limited
62,first
63,Also
64,Microsoft
65,interface
66,Tags
67,obviously
68,R
69,month
70,dangerous
71,after
72,DVD
73,part
74,Hello
75,today
76,min
77,director
78,appointed
79,adopted
80,Video
81,point
82,Christ
83,almost
84,concept
85,Information
86,weeks
87,During
88,Three
89,Saturday
90,Total
91,during
92,Apple
93,group
94,transport
95,said
96,community
97,enough
98,clicking
99,R.
100,Press
101,Our
102,newspaper
103,recent
104,detailed
105,WP
106,essentially
107,feet
108,office
109,slightly
110,Make
111,site
112,With
113,environment
114,second
115,First
116,seconds
117,when
118,official
119,service
120,Four
121,public
122,decided
123,keep
124,discussion
125,not
126,general
127,After
128,production
129,Note
130,paper
131,need
132,before
133,Second
134,judge
135,description
136,national
137,probably
138,student
139,My
140,afternoon
141,think
142,Now
143,page
144,Commission
145,Find
146,member
147,thousand
148,known
149,event
150,display
151,Before
152,PDF
153,This
154,discovered
155,four
156,years
157,seven
158,Type
159,Collection
160,lawyer
161,God
162,honor
163,seems
164,In
165,officer
166,density
167,etc
168,totally
169,exactly
170,my
171,time
172,club
173,international
174,Monday
175,name
176,his
177,country
178,ten
179,equipment
180,world
181,go
182,Black
183,each
184,days
185,collaboration
186,partnership
187,quite
188,Since
189,Friday
190,conducted
191,below
192,Why
193,pro
194,considered
195,S.
196,black
197,minutes
198,Facebook
199,Tuesday
200,Blog
201,inspired
202,Samsung
203,Very
204,Sony
205,meal
206,now
207,standard
208,2.0
209,simply
210,presented
211,Jesus
212,extremely
213,Committee
214,published
215,Add
216,editor
217,important
218,girls
219,episode
220,Today
221,federal
222,publication
