the,los
and,y
to,para
of,de
a,a
</s>,</s>
in,en
is,es
I,I
for,por
that,ese
on,sobre
with,con
it,eso
you,usted
The,los
was,era
as,como
are,están
at,a
’,""""
be,ser
by,por
this,esta
have,tengo
from,de
or,o
not,no
your,tu
an,un
but,pero
can,pueden
will,voluntad
s,s
my,mi
has,tiene
all,todos
we,nosotros
they,ellos
he,él
his,su
more,más
one,uno
about,sobre
their,su
which,cuales
It,Eso
out,fuera
up,hasta
were,fueron
had,tenía
“,""""
our,nuestro
would,haría
”,""""
time,tiempo
been,estado
if,si
also,además
just,solo
when,cuando
her,ella
This,Esta
me,me
there,allí
do,hacer
what,qué
some,algunos
other,otro
In,En
them,ellos
–,-
get,obtener
new,nuevo
into,dentro
We,Nosotros
than,que
A,A
no,no
only,solamente
first,primero
any,alguna
its,su
people,gente
very,muy
t,t
over,sobre
she,ella
how,cómo
make,hacer
You,usted
said,dijo
He,Él
two,dos
may,mayo
know,saber
then,luego
see,ver
after,después
good,bien
years,años
If,Si
these,estas
now,ahora
use,usar
because,porque
well,bien
work,trabaja
could,podría
us,nosotros
don,don
way,camino
much,mucho
back,espalda
many,muchos
think,pensar
where,dónde
even,incluso
him,él
through,mediante
am,soy
here,aquí
made,hecha
year,año
should,deberían
being,ser
such,tal
great,estupendo
And,Y
day,día
want,querer
used,usó
go,ir
those,aquellos
…,...
But,Pero
take,llevar
—,-
May,Mayo
still,todavía
last,último
too,también
New,Nuevo
best,mejor
find,encontrar
love,amor
did,hizo
while,tiempo
home,hogar
There,Allí
They,Ellos
same,mismo
around,alrededor
help,ayuda
down,abajo
information,información
UTC,UTC
place,lugar
i,I
For,Para
little,poco
life,vida
between,Entre
each,cada
own,propio
both,ambos
world,mundo
part,parte
few,pocos
talk,hablar
As,Como
look,Mira
things,cosas
say,decir
every,cada
during,durante
got,tiene
So,Entonces
've,he
What,Qué
long,largo
different,diferente
says,dice
never,Nunca
another,otro
Ã,A
better,mejor
using,utilizando
free,gratis
under,debajo
three,Tres
family,familia
She,Ella
including,incluso
That,Ese
always,siempre
next,Siguiente
come,venir
without,sin
My,Mi
game,juego
When,Cuando
days,dias
set,colocar
All,Todos
number,número
end,fin
business,negocio
sure,seguro
system,sistema
book,libro
against,contra
high,elevado
must,debe
available,disponible
To,Para
might,podría
show,show
area,zona
Â,A
week,semana
away,lejos
team,equipo
March,marcha
name,nombre
April,abril
give,dar
thing,cosa
read,leer
put,poner
On,Sobre
small,pequeña
school,colegio
feel,sentir
second,segundo
company,empresa
June,junio
old,viejo
didn,no
page,página
keep,guardar
top,cima
January,enero
site,sitio
post,correo
service,Servicio
having,teniendo
looking,mirando
American,americano
point,punto
data,datos
though,aunque
July,julio
University,Universidad
full,lleno
m,metro
able,capaz
left,izquierda
With,Con
support,apoyo
United,Unido
experience,experiencia
room,habitación
water,agua
state,estado
‘,""""
big,grande
order,pedido
October,octubre
No,No
article,artículo
case,caso
making,haciendo
enough,suficiente
ago,atrás
house,casa
September,septiembre
children,niños
One,Uno
local,local
December,diciembre
start,comienzo
times,veces
February,febrero
called,llamado
August,agosto
November,noviembre
ever,siempre
More,Más
done,hecho
change,cambio
play,juego
group,grupo
working,laboral
based,basado
http,http
course,curso
least,menos
doesn,no
money,dinero
won,ganado
man,hombre
less,menos
important,importante
After,Después
How,Cómo
try,tratar
getting,obtener
thought,pensamiento
public,público
actually,Realmente
already,ya
night,noche
person,persona
re,re
went,fue
story,historia
several,varios
makes,marcas
side,lado
list,lista
following,siguiente
came,llegó
By,Por
doing,haciendo
power,poder
large,grande
season,temporada
bit,poco
far,lejos
real,verdadero
known,conocido
took,tomó
PM,PM
city,ciudad
let,dejar
At,A
together,juntos
per,por
These,Estas
music,música
hard,duro
God,Dios
Your,Tu
Our,Nuestro
line,línea
process,proceso
care,cuidado
others,otros
open,abierto
John,John
car,coche
services,servicios
include,incluir
food,comida
started,empezado
easy,fácil
country,país
months,meses
fact,hecho
women,mujeres
yet,todavía
students,estudiantes
someone,alguien
problem,problema
run,correr
video,video
ve,ve
government,Gobierno
everything,todo
series,serie
four,cuatro
pm,pm
means,medio
early,temprano
possible,posible
past,pasado
design,diseño
quality,calidad
City,Ciudad
seen,visto
States,Estados
given,dado
pretty,lindo
State,Estado
blog,Blog
film,película
nice,bonito
history,historia
job,trabajo
call,llama
Now,Ahora
kind,amable
believe,creer
community,comunidad
needs,necesidades
level,nivel
program,programa
body,cuerpo
view,vista
friends,amigos
control,control
comes,proviene
York,York
products,productos
form,formulario
above,encima
School,Colegio
health,salud
minutes,minutos
probably,probablemente
World,Mundo
hours,horas
fun,divertida
National,Nacional
US,nosotros
either,cualquiera
County,condado
head,cabeza
example,ejemplo
product,producto
close,cerrar
beautiful,hermosa
market,mercado
whole,entero
offer,oferta
quite,bastante
trying,difícil
price,precio
told,dicho
idea,idea
members,miembros
light,luz
million,millón
His,Su
hope,esperar
access,acceso
research,investigar
due,vencer
tell,contar
seems,parece
South,Sur
added,adicional
almost,casi
short,pequeño
bad,malo
Not,No
games,juegos
project,proyecto
review,revisión
hand,mano
email,Email
near,cerca
below,debajo
men,hombres
wanted,deseado
create,crear
nothing,nada
question,pregunta
special,especial
content,contenido
future,futuro
rather,bastante
taking,tomando
Thanks,Gracias
works,obras
From,De
month,mes
law,ley
space,espacio
news,Noticias
Here,Aquí
reason,razón
add,agregar
anyone,alguien
report,reporte
major,importante
main,principal
young,joven
development,desarrollo
North,norte
event,evento
results,resultados
personal,personal
especially,especialmente
issue,asunto
five,cinco
social,social
original,original
born,Nació
taken,tomado
living,viviendo
buy,comprar
d,D
Reply,Respuesta
reading,leyendo
English,inglés
mind,mente
study,estudio
building,edificio
result,resultado
type,escribe
looks,aspecto
located,situado
features,características
words,palabras
party,partido
needed,necesario
plan,plan
issues,cuestiones
else,demás
search,buscar
black,negro
version,versión
News,Noticias
included,incluido
Read,Leer
books,libros
House,casa
provided,previsto
Just,Solo
visit,visitar
white,blanco
present,regalo
link,Enlace
pay,pagar
coming,próximo
Some,Algunos
face,cara
kids,niños
questions,preguntas
friend,amigo
understand,comprender
human,humano
ï,I
value,valor
move,moverse
member,miembro
among,entre
half,mitad
weeks,semanas
third,tercera
true,cierto
America,America
soon,pronto
range,distancia
received,recibió
While,Tiempo
points,puntos
image,imagen
title,título
property,propiedad
town,ciudad
shows,muestra
offers,ofertas
movie,película
happy,contento
asked,pedido
various,varios
writing,escribiendo
etc,etc
class,clase
Is,Es
contact,contacto
upon,sobre
An,Un
style,estilo
phone,teléfono
stop,parada
created,creado
location,localización
wrote,escribió
running,corriendo
art,Arte
low,bajo
child,niño
heart,corazón
date,fecha
Do,Hacer
matter,importar
simple,sencillo
address,Dirección
played,jugado
similar,similar
simply,simplemente
office,oficina
enjoy,disfrutar
saw,vio
behind,detrás
complete,completo
card,tarjeta
death,muerte
problems,problemas
performance,rendimiento
Also,También
action,acción
learn,aprender
via,vía
general,general
deal,trato
includes,incluye
cost,costo
bring,traer
written,escrito
takes,acepta
window,ventana
Of,De
former,anterior
First,Primero
air,aire
leave,dejar
likely,probable
field,campo
lost,perdió
private,privado
industry,industria
store,Tienda
usually,generalmente
late,tarde
lead,dirigir
Then,Luego
clear,claro
win,ganar
total,total
West,Oeste
common,común
morning,Mañana
Home,Hogar
events,eventos
Day,Día
Google,Google
position,posición
return,regreso
required,requerido
subject,tema
account,cuenta
ask,pedir
gets,obtiene
comment,comentario
companies,compañías
provides,proporciona
published,publicado
energy,energía
clean,limpio
President,presidente
comments,comentarios
final,final
training,capacitación
playing,jugando
period,período
interest,interesar
word,palabra
source,fuente
rest,descansar
record,registro
worked,trabajó
Great,Excelente
model,modelo
technology,tecnología
web,web
details,detalles
role,papel
College,Universidad
goes,va
Well,Bien
Park,parque
Free,Gratis
began,comenzó
professional,profesional
changes,cambios
strong,fuerte
meet,encontrarse
watch,mirar
hotel,hotel
certain,cierto
saying,diciendo
sense,sentido
gave,dio
color,color
recently,recientemente
inside,dentro
album,álbum
staff,personal
designed,diseñado
paper,papel
amazing,increíble
drive,conducir
woman,mujer
user,usuario
rights,derechos
decided,decidido
recent,reciente
key,llave
continue,Seguir
rate,índice
code,código
favorite,favorito
seem,parecer
International,Internacional
political,político
View,Vista
Thank,Gracias
maybe,quizás
remember,recordar
London,Londres
test,prueba
stuff,cosas
write,escribir
computer,computadora
cause,porque
cut,Corte
according,según
built,construido
player,jugador
popular,popular
management,administración
interesting,interesante
son,hijo
ways,formas
education,educación
sound,sonido
summer,verano
natural,natural
national,nacional
software,software
David,David
tried,intentó
players,jugadores
hot,caliente
policy,política
related,relacionado
Don,Don
miles,millas
entire,completo
specific,específico
wonderful,maravilloso
Yes,sí
felt,sintió
section,sección
British,británico
thinking,pensando
x,X
release,liberación
song,canción
San,San
six,seis
particular,especial
users,usuarios
War,Guerra
average,promedio
hear,escuchar
Best,Mejor
security,seguridad
file,expediente
https,https
ones,unos
oil,petróleo
Dr.,Dr.
Facebook,Facebook
See,Ver
California,California
cover,cubrir
allow,permitir
Friday,viernes
terms,condiciones
receive,recibir
board,tablero
war,guerra
material,material
wife,esposa
lives,vidas
parts,partes
individual,individual
chance,oportunidad
Health,Salud
items,elementos
answer,respuesta
India,India
Street,calle
walk,andar
definitely,definitivamente
C,C
production,producción
systems,sistemas
character,personaje
reviews,críticas
increase,incrementar
unique,único
mother,madre
completely,completamente
picture,fotografía
additional,adicional
customers,clientes
sex,sexo
choose,escoger
parents,padres
medical,médico
follow,seguir
piece,pieza
articles,artículos
red,rojo
Washington,Washington
band,banda
sent,enviado
fine,multa
travel,viaje
sale,venta
international,internacional
collection,colección
application,solicitud
note,Nota
practice,práctica
James,Jaime
police,policía
huge,enorme
language,idioma
financial,financiero
guy,chico
easily,fácilmente
Department,Departamento
term,término
named,llamado
Service,Servicio
quickly,rápidamente
choice,elección
build,construir
About,Sobre
father,padre
East,este
text,texto
Sunday,domingo
finally,finalmente
groups,grupos
treatment,tratamiento
hold,sostener
moment,momento
sales,Ventas
Saturday,sábado
step,paso
Can,Poder
bed,cama
photos,fotos
modern,moderno
Good,Bien
gives,da
turned,convertido
risk,riesgo
French,francés
difficult,difícil
potential,potencial
land,tierra
guys,tipo
Black,Negro
opportunity,oportunidad
considered,considerado
effect,efecto
population,población
standard,estándar
knowledge,conocimiento
weight,peso
knew,supo
meeting,cita
hair,cabello
wish,deseo
credit,crédito
save,ahorrar
died,murió
focus,atención
Post,Correo
box,caja
previous,anterior
Even,Incluso
White,blanco
countries,países
brought,trajo
loss,pérdida
Church,Iglesia
images,imagenes
student,estudiante
track,pista
shown,mostrado
cases,casos
trip,viaje
extra,extra
ideas,ideas
leading,principal
table,mesa
attention,atención
General,General
decision,decisión
author,autor
ground,suelo
ability,capacidad
sources,fuentes
court,Corte
Company,Empresa
Love,Amor
send,enviar
Christmas,Navidad
comfortable,cómodo
learning,aprendiendo
shall,deberá
B,B
eyes,ojos
fast,rápido
photo,Foto
fall,otoño
tax,impuesto
Other,Otro
exactly,exactamente
places,lugares
Paul,Pablo
highly,muy
interested,interesado
response,respuesta
door,puerta
evidence,evidencia
device,dispositivo
programs,programas
levels,niveles
stories,cuentos
Michael,Miguel
round,ronda
discussion,discusión
conditions,condiciones
growth,crecimiento
significant,significativo
loved,amado
thanks,Gracias
pictures,imágenes
wants,quiere
success,éxito
led,dirigió
college,Universidad
fire,fuego
changed,cambió
station,estación
Canada,Canadá
Monday,lunes
hands,manos
baby,bebé
patients,pacientes
base,base
talking,hablando
reported,informó
sites,sitios
prices,precios
directly,directamente
purchase,compra
wide,amplio
host,anfitrión
legal,legal
states,estados
expected,esperado
posts,publicaciones
excellent,excelente
options,opciones
century,siglo
church,Iglesia
husband,marido
nature,naturaleza
military,militar
method,método
daily,diario
haven,refugio
necessary,necesario
race,raza
consider,considerar
relationship,relación
served,servido
Group,Grupo
England,Inglaterra
goal,objetivo
Many,Muchos
feature,característica
happen,ocurrir
variety,variedad
wouldn,no
message,mensaje
limited,limitado
official,oficial
situation,situación
feeling,sentimiento
skin,piel
projects,proyectos
Her,Ella
floor,suelo
daughter,hija
Court,Corte
II,II
Obama,Obama
King,Rey
claim,afirmar
difference,diferencia
Last,Último
Are,Están
green,verde
plans,planes
sign,firmar
uses,usos
hour,hora
towards,hacia
whose,cuyo
developed,desarrollado
Add,Agregar
allows,permite
D,D
characters,caracteres
skills,habilidades
fully,completamente
certainly,ciertamente
Or,O
European,europeo
customer,cliente
kitchen,cocina
O,O
girls,chicas
Europe,Europa
links,Enlaces
described,descrito
region,región
schools,escuelas
happened,sucedió
analysis,análisis
feet,pies
beginning,comienzo
vote,votar
eat,come
George,Jorge
Wikipedia,Wikipedia
club,club
pick,elegir
Internet,Internet
download,descargar
numbers,números
alone,solo
Texas,Texas
blood,sangre
allowed,permitido
Services,Servicios
spend,gastar
S,S
screen,pantalla
jobs,trabajos
effects,efectos
mobile,móvil
met,reunió
brand,marca
global,global
unit,unidad
During,Durante
option,opción
paid,pagado
ensure,garantizar
quick,rápido
Oh,Oh
organization,organización
Big,Grande
stage,escenario
immediately,inmediatamente
regular,regular
attack,ataque
River,río
Two,Dos
Australia,Australia
km,km
science,Ciencias
perhaps,quizás
activity,actividad
speed,velocidad
force,fuerza
gone,desaparecido
Life,Vida
president,presidente
types,tipos
improve,mejorar
bar,bar
positive,positivo
normal,normal
reports,informes
sold,vendido
particularly,particularmente
lines,líneas
bought,compró
District,Distrito
insurance,seguro
purpose,objetivo
digital,digital
traditional,tradicional
culture,cultura
pain,dolor
costs,costos
League,Liga
economic,económico
associated,asociado
dog,perro
charge,cargar
reach,alcanzar
active,activo
Christian,cristiano
impact,impacto
Jesus,Jesús
teams,equipos
families,familias
apartment,Departamento
entry,entrada
resources,recursos
Red,rojo
closed,cerrado
middle,medio
physical,físico
successful,exitoso
Because,Porque
effective,eficaz
Show,Show
pass,aprobar
Jan,ene
solution,solución
expect,suponer
Tuesday,martes
Art,Arte
Thursday,jueves
Council,Consejo
shop,tienda
fans,aficionados
campaign,Campaña
director,director
established,establecido
growing,creciente
Education,Educación
seeing,viendo
figure,figura
pressure,presión
deep,profundo
Star,Estrella
apply,solicitar
rules,normas
German,alemán
Have,Tengo
helps,ayuda
tools,instrumentos
Time,Tiempo
function,función
act,actuar
voice,voz
followed,seguido
engine,motor
surface,superficie
truly,verdaderamente
increased,aumentado
join,entrar
Air,Aire
Club,Club
User,Usuario
Public,Público
Wednesday,miércoles
request,solicitud
Music,Música
Act,actuar
produced,producido
bottom,fondo
direct,directo
appears,aparece
THE,LOS
serious,grave
actual,real
advice,Consejo
damage,daño
mentioned,mencionado
plus,más
blue,azul
knows,sabe
benefits,beneficios
sell,vender
vehicle,vehículo
reasons,razones
Association,Asociación
b,B
dark,oscuro
planning,planificación
helped,ayudó
gas,gas
opinion,opinión
Office,Oficina
Comments,Comentarios
effort,esfuerzo
trade,comercio
basic,básico
equipment,equipo
names,nombres
village,pueblo
internet,Internet
heat,calor
generally,generalmente
finish,terminar
Robert,Robert
According,Según
camera,cámara
Its,Su
statement,declaración
yes,sí
appear,aparecer
item,artículo
married,casado
species,especies
display,monitor
begin,empezar
poor,pobre
sounds,sonidos
street,calle
William,William
challenge,desafío
understanding,comprensión
memory,memoria
n,norte
materials,materiales
w,w
machine,máquina
rates,tarifas
except,excepto
app,aplicación
Lord,señor
weather,clima
studies,estudios
useful,útil
cards,tarjetas
Book,Libro
gift,regalo
doctor,doctor
rooms,habitaciones
lack,ausencia
cold,frío
gold,oro
Party,Partido
creating,creando
prior,previo
distance,distancia
responsible,responsable
Each,Cada
construction,construcción
extremely,extremadamente
Lake,lago
opening,apertura
onto,sobre
dead,muerto
Florida,Florida
basis,base
awesome,increíble
wall,pared
Be,Ser
beach,playa
waiting,esperando
double,doble
opened,abrió
setting,configuración
serve,atender
eye,ojo
owner,dueño
Chinese,chino
Women,Mujeres
France,Francia
applications,aplicaciones
require,exigir
structure,estructura
watching,mirando
status,estado
Search,Buscar
movement,movimiento
sweet,dulce
passed,aprobado
Mark,Marcos
Oct,oct
Central,Central
notice,aviso
disease,enfermedad
federal,federal
Posts,Publicaciones
cars,carros
runs,carreras
individuals,individuos
Note,Nota
develop,desarrollar
pool,piscina
Year,Año
sharing,intercambio
wear,vestir
Information,Información
straight,derecho
Feb,feb
society,sociedad
pieces,piezas
songs,canciones
X,X
annual,anual
touch,tocar
healthy,saludable
ended,terminó
seven,Siete
mostly,principalmente
Green,Verde
complex,complejo
press,prensa
print,impresión
Family,Familia
Management,Gestión
placed,metido
condition,condición
info,info
Law,Ley
absolutely,absolutamente
T,T
thank,gracias
models,modelos
warm,cálido
coffee,café
storage,almacenamiento
cancer,cáncer
Maybe,Quizás
Institute,Instituto
cells,células
avoid,evitar
leader,líder
income,ingreso
Hotel,Hotel
walking,caminando
videos,videos
covered,cubierto
Another,Otro
scene,escena
Chicago,Chicago
grow,crecer
ahead,adelante
Island,isla
Dec,dic
files,archivos
Keep,Guardar
minute,minuto
enter,ingresar
delivery,entrega
commercial,comercial
letter,carta
Community,Comunidad
brother,hermano
Thomas,Thomas
length,largo
correct,correcto
Nov,nov
powerful,poderoso
Price,Precio
contains,contiene
speak,hablar
No.,No.
clearly,claramente
district,distrito
independent,independiente
c,C
spot,lugar
sports,Deportes
shopping,compras
returned,regresó
park,parque
truth,verdad
central,central
ball,bola
background,antecedentes
Peter,Pedro
separate,separar
female,mujer
Director,Director
removed,remoto
benefit,beneficio
completed,terminado
welcome,Bienvenido
artist,artista
star,estrella
showed,presentado
Science,Ciencias
election,elección
Go,Ir
goals,metas
Next,próximo
rock,Roca
presented,presentado
television,televisión
garden,jardín
Africa,África
reference,referencia
History,Historia
Delete,Borrar
appropriate,apropiado
leaving,dejando
Japanese,japonés
famous,famoso
calls,llamadas
quiet,tranquilo
records,registros
connection,conexión
guide,guía
episode,episodio
happens,sucede
selection,selección
boy,chico
Germany,Alemania
update,actualizar
businesses,negocios
employees,empleados
evening,noche
devices,dispositivos
radio,radio
Mary,María
Very,Muy
mine,mía
sleep,dormir
train,tren
Apr,abr
Mar,mar
Hall,sala
totally,totalmente
reality,realidad
target,objetivo
topic,tema
tool,herramienta
novel,novela
Japan,Japón
protect,proteger
meaning,sentido
Union,Unión
Date,Fecha
rule,regla
plant,planta
glass,vidrio
heavy,pesado
remove,retirar
Israel,Israel
debate,debate
Comment,Comentario
budget,presupuesto
Bay,Bahía
economy,economía
Apple,manzana
Blue,Azul
seemed,pareció
dry,seco
Man,Hombre
joined,Unido
Their,Su
reply,respuesta
ten,diez
contract,contrato
thoughts,pensamientos
Make,Hacer
restaurant,restaurante
eventually,finalmente
Web,Web
coach,entrenador
signed,firmado
Western,occidental
selected,seleccionado
Contact,Contacto
Press,prensa
steps,pasos
writer,escritor
holiday,fiesta
requirements,requisitos
caused,causado
remain,permanecer
attempt,intento
performed,realizado
shared,compartido
wedding,boda
Bank,Banco
manager,gerente
Any,Alguna
south,Sur
direction,dirección
Los,Los
mention,mencionar
appeared,apareció
wine,vino
Government,Gobierno
Beach,playa
Aug,ago
efforts,esfuerzos
tree,árbol
eight,ocho
competition,competencia
map,mapa
leaders,líderes
plenty,mucho
super,súper
carry,llevar
spring,primavera
north,norte
lose,perder
Social,Social
R,R
conference,conferencia
whom,quién
bank,Banco
sea,mar
breakfast,desayuno
dinner,cena
fair,justa
capital,capital
winter,invierno
existing,existente
parties,fiestas
creative,creativo
traffic,tráfico
toward,hacia
keeping,acuerdo
Every,Cada
ride,paseo
reduce,reducir
colors,colores
remains,permanece
movies,películas
Chris,Chris
Me,Me
dress,vestido
category,categoría
drug,droga
nation,nación
previously,previamente
Mike,Miguel
investment,inversión
forces,efectivo
ice,hielo
firm,firma
interview,entrevista
starts,empieza
prevent,evitar
elements,elementos
reached,alcanzó
Christ,Cristo
nor,ni
Cup,taza
bag,bolso
smaller,menor
supply,suministro
flight,vuelo
rich,Rico
Society,Sociedad
trust,confianza
stars,estrellas
Medical,Médico
actions,comportamiento
button,botón
Old,Viejo
cute,lindo
patient,paciente
missing,desaparecido
Both,Ambos
forms,formas
methods,métodos
units,unidades
thousands,miles
en,en
critical,crítico
teacher,profesor
cheap,barato
Valley,Valle
coverage,cobertura
driver,conductor
communication,comunicación
sister,hermana
fashion,Moda
Where,Dónde
registered,registrado
pattern,patrón
faith,fe
notes,notas
lived,vivido
becoming,convirtiéndose
J.,J.
approximately,aproximadamente
arrived,llegó
partner,pareja
birth,nacimiento
Back,atrás
Team,Equipo
raised,elevado
animals,animales
shape,forma
Up,Hasta
thread,hilo
foreign,extranjero
operations,operaciones
determine,determinar
Committee,Comité
fish,pez
classes,clases
brain,cerebro
bill,factura
metal,metal
requires,requiere
Richard,Ricardo
opportunities,oportunidades
asking,pidiendo
Policy,Política
recipe,receta
facilities,instalaciones
concept,concepto
values,valores
shipping,Envío
Russian,ruso
accept,aceptar
laws,leyes
putting,poniendo
Army,Ejército
solutions,soluciones
workers,trabajadores
continues,continúa
N,norte
sitting,sentado
Brown,marrón
Program,Programa
Development,Desarrollo
Museum,Museo
Congress,Congreso
fantastic,fantástico
classic,clásico
marriage,matrimonio
hospital,hospital
soft,suave
Food,Comida
Design,Diseño
experienced,experimentado
pair,par
artists,artistas
standards,normas
doubt,duda
advantage,ventaja
buying,comprar
owners,propietarios
Series,Serie
seat,asiento
edit,editar
taste,gusto
recorded,grabado
theme,tema
Canadian,canadiense
bedroom,Cuarto
parking,estacionamiento
bus,autobús
religious,religioso
Angeles,Ángeles
L,L
Us,Nosotros
Support,Apoyo
solid,sólido
La,La
connected,conectado
Jun,jun
Site,Sitio
Charles,Charles
E,mi
beat,derrotar
tips,consejos
fear,temor
flat,plano
List,Lista
Special,Especial
Tom,Tomás
beauty,belleza
changing,cambiando
Hi,Hola
glad,contento
forget,olvidar
peace,paz
platform,plataforma
busy,ocupado
battle,batalla
decide,decidir
explain,explicar
restaurants,restaurantes
guests,huéspedes
male,masculino
theory,teoría
possibly,posiblemente
homes,hogares
mix,mezcla
Hill,Cerro
Before,Antes
balance,equilibrio
spending,gasto
Page,Página
presence,presencia
server,servidor
mom,mamá
Re,Re
tells,dice
applied,aplicado
filled,lleno
senior,mayor
Security,Seguridad
estate,inmuebles
Sun,sol
mission,misión
Library,Biblioteca
sun,sol
negative,negativo
temperature,temperatura
audience,audiencia
agreement,convenio
Over,Sobre
IT,ESO
System,Sistema
Sports,Deportes
gain,ganar
aware,consciente
Project,Proyecto
operation,operación
strength,fuerza
formed,formado
feels,siente
prepared,preparado
trial,prueba
cities,ciudades
organizations,organizaciones
Video,Video
editor,editor
officials,funcionarios
combination,combinación
factors,factores
technical,técnico
Italian,italiano
Open,Abierto
sets,conjuntos
Royal,Real
detail,detalle
Power,Poder
department,Departamento
client,cliente
Joe,José
Line,Línea
demand,demanda
handle,resolver
die,morir
expand,expandir
supposed,supuesto
willing,dispuesto
proper,adecuado
boys,Niños
profile,perfil
Photo,Foto
Martin,Martín
Earth,tierra
slow,lento
calling,vocación
Microsoft,Microsoft
Arts,Letras
readers,lectores
edge,borde
library,Biblioteca
Little,Poco
dedicated,dedicado
discuss,discutir
Virginia,Virginia
figures,cifras
Spanish,Español
corner,esquina
hate,odio
Minister,Ministro
session,sesión
Part,Parte
foot,pie
error,error
originally,originalmente
ideal,ideal
cast,emitir
studio,estudio
selling,venta
strategy,estrategia
Police,Policía
Week,Semana
Product,Producto
stores,historias
discovered,descubierto
frame,cuadro
package,paquete
introduced,introducido
updated,actualizado
sorry,perdón
alternative,alternativa
AND,Y
Technology,Tecnología
influence,influencia
Carolina,Carolina
noted,señalado
Game,Juego
experiences,experiencias
advanced,avanzado
turns,vueltas
exercise,ejercicio
manage,administrar
capacity,capacidad
testing,pruebas
properties,propiedades
wood,madera
journey,viaje
kill,matar
magazine,revista
et,et
proposed,propuesto
contribs,contribuciones
Scott,Scott
core,centro
square,cuadrado
Care,Cuidado
plants,plantas
Sep,sep
drink,bebida
Mexico,México
Paris,París
NOT,NO
description,descripción
forum,foro
payment,pago
signal,señal
Market,Mercado
worse,peor
seconds,segundos
edition,edición
fuel,combustible
Russia,Rusia
trees,árboles
Steve,Steve
purchased,comprado
telling,narración
delete,Eliminar
developing,desarrollando
bike,bicicleta
format,formato
volume,volumen
master,Maestro
maintain,mantener
portion,parte
listen,escucha
initial,inicial
brings,trae
defense,defensa
island,isla
charges,cargos
dream,sueño
sexual,sexual
exchange,intercambio
ends,termina
fourth,cuatro
Second,Segundo
administration,administración
hearing,audiencia
birthday,cumpleaños
Division,División
OF,DE
fill,llenar
teachers,profesores
communities,comunidades
combined,conjunto
Jul,jul
appreciate,agradecer
achieve,lograr
behavior,comportamiento
C.,C.
Academy,Academia
essential,esencial
Men,Hombres
nearby,cercano
route,ruta
historical,histórico
league,liga
Catholic,católico
iPhone,iPhone
Commission,Comisión
schedule,calendario
sides,lados
cup,taza
count,contar
allowing,permitiendo
Foundation,Fundación
specifically,específicamente
mode,modo
recommended,recomendado
purposes,propósitos
custom,personalizado
west,Oeste
none,ninguno
trouble,problema
residents,residentes
Children,Niños
animal,animal
broken,roto
fell,cayó
dogs,perros
rise,subir
Games,Juegos
appearance,apariencia
agency,agencia
treat,tratar
afternoon,tarde
battery,batería
earth,tierra
Plus,Más
deals,ofertas
crazy,loco
S.,S.
river,río
serving,servicio
Super,súper
Conference,Conferencia
Link,Enlace
secure,seguro
determined,determinado
Johnson,Johnson
mass,masa
catch,captura
funds,fondos
quarter,cuarto
dance,danza
tea,té
inspired,inspirado
adult,adulto
draw,dibujar
mouth,boca
Festival,Festival
buildings,edificios
climate,clima
Ireland,Irlanda
document,documento
secret,secreto
writes,escribe
Rights,Derechos
agent,agente
scale,escala
cream,crema
Blog,Blog
tickets,Entradas
maximum,máximo
audio,audio
advance,avance
injury,lesión
cultural,cultural
Local,Local
perfectly,perfectamente
ordered,ordenado
proud,orgulloso
Jones,Jones
wind,viento
Image,Imagen
leadership,liderazgo
responsibility,responsabilidad
Henry,Enrique
documents,documentos
exist,existe
Data,Datos
challenges,retos
manner,conducta
Digital,Digital
installed,instalado
paint,pintura
Young,Joven
fix,reparar
officer,oficial
sugar,azúcar
failure,falla
Three,Tres
freedom,libertad
university,Universidad
e,mi
featuring,presentando
decisions,decisiones
begins,comienza
increasing,creciente
concerns,preocupaciones
raise,aumentar
Federal,Federal
crime,crimen
comfort,comodidad
housing,alojamiento
object,objeto
Buy,Comprar
directed,dirigido
Name,Nombre
quote,cita
Terms,Condiciones
windows,ventanas
markets,mercados
explore,explorar
obvious,obvio
Italy,Italia
winner,ganador
context,contexto
identify,identificar
stayed,permaneció
task,tarea
luck,suerte
internal,interno
partners,socios
Jewish,judío
distribution,distribución
tomorrow,mañana
fat,grasa
creation,creación
Summer,Verano
Would,haría
feed,alimentación
Global,Global
orders,pedidos
loan,préstamo
Member,Miembro
Room,Habitación
speech,habla
Description,Descripción
entered,ingresó
stress,estrés
attacks,ataques
greatest,mayor
u,tu
answers,respuestas
bright,brillante
launch,lanzamiento
rare,raro
Francisco,Francisco
updates,actualizaciones
arms,brazos
ring,anillo
east,este
valid,válido
houses,casas
Water,Agua
medium,medio
channel,canal
boat,barco
properly,adecuadamente
violence,violencia
accounts,cuentas
steel,acero
adults,adultos
loves,ama
fabric,tela
Middle,Medio
Military,Militar
lunch,comida
Jim,Jim
founded,fundado
Download,Descargar
issued,emitido
accepted,aceptado
Rock,Roca
academic,académico
reduced,reducido
minimum,mínimo
candidate,candidato
civil,civil
Kingdom,Reino
layer,capa
deliver,entregar
covers,cubre
fighting,luchando
topics,temas
panel,panel
county,condado
airport,aeropuerto
facility,instalaciones
Code,Código
electronic,electrónico
surprise,sorpresa
limit,límite
mental,mental
Type,Escribe
argument,argumento
cake,pastel
surprised,sorprendido
Area,Zona
debt,deuda
guitar,guitarra
Shop,Tienda
smart,inteligente
launched,lanzado
identified,identificado
expression,expresión
factor,factor
causes,causas
considering,considerando
treated,tratado
importance,importancia
hundreds,cientos
load,carga
delicious,delicioso
cross,Cruz
fee,tarifa
chocolate,chocolate
charged,cargado
relatively,relativamente
kid,niño
funding,fondos
depending,dependiente
sample,muestra
Chief,Jefe
improved,mejorado
defined,definido
chief,jefe
snow,nieve
tough,difícil
nine,nueve
domain,dominio
mark,Marcos
paying,pago
fellow,compañero
obviously,obviamente
flowers,flores
executive,ejecutivo
outdoor,exterior
environmental,ambiental
politics,política
delivered,entregado
minor,menor
Senate,Senado
worst,peor
clothes,ropa
speaking,discurso
throw,lanzar
relationships,relaciones
signs,señales
connect,conectar
output,producción
instance,ejemplo
visitors,visitantes
vision,visión
components,componentes
religion,religión
courses,cursos
Gold,Oro
Night,Noche
desire,deseo
hoping,esperando
interests,intereses
spirit,espíritu
expert,experto
painting,cuadro
Republic,República
tests,pruebas
DVD,DVD
follows,sigue
stick,palo
victory,victoria
elected,elegido
gorgeous,precioso
grade,calificación
CA,California
F,F
Hospital,Hospital
menu,menú
examples,ejemplos
switch,cambiar
drugs,drogas
chicken,pollo
authority,autoridad
accurate,preciso
Master,Maestría
Georgia,Georgia
Joseph,José
apparently,aparentemente
Still,Todavía
chosen,elegido
automatically,automáticamente
apart,aparte
judge,juez
measures,medidas
rating,clasificación
Sales,Ventas
designs,diseños
surgery,cirugía
seeking,buscando
upper,superior
keeps,mantiene
knowing,conocimiento
shower,ducha
salary,salario
advertising,publicidad
massive,masivo
sector,sector
Town,Ciudad
Map,Mapa
gay,gay
receiving,recepción
la,la
dont,no
familiar,familiar
musical,musical
Bible,Biblia
repair,reparar
likes,gustos
debut,debut
o,o
protein,proteína
promote,promover
grew,creció
recording,grabación
posting,destino
Williams,Williams
concern,preocupación
functions,funciones
teach,enseñar
beer,cerveza
farm,granja
losing,perdiendo
reasonable,razonable
letters,letras
assistance,asistencia
Journal,diario
equal,igual
brown,marrón
scientific,científico
shares,Comparte
extended,extendido
Category,Categoría
approved,aprobado
affect,afectar
officers,oficiales
W,W
votes,votos
degrees,grados
holds,sostiene
attend,asistir
Energy,Energía
J,J
cable,cable
Quote,Cita
experts,expertos
dates,fechas
perspective,perspectiva
instructions,instrucciones
aid,ayuda
ancient,antiguo
basically,básicamente
taxes,impuestos
Asia,Asia
mainly,principalmente
processes,procesos
discussions,discusiones
staying,quedarse
Radio,Radio
marked,marcado
Daily,Diario
hits,golpes
Queen,reina
youth,juventud
Whether,Si
4th,Cuarto
goods,bienes
till,hasta
facts,hechos
seek,buscar
label,etiqueta
Louis,Luis
Film,Película
Tags,Etiquetas
W.,W.
educational,educativo
Force,Fuerza
aspects,aspectos
Join,Entrar
supporting,secundario
command,mando
cheese,queso
represent,representar
rain,lluvia
hotels,hoteles
index.php,index.php
Pacific,Pacífico
watched,Visto
cleaning,limpieza
finds,encuentra
typical,típico
stone,piedra
Spring,Primavera
CD,CD
investigation,investigación
H,H
resolution,resolución
decades,décadas
input,aporte
diet,dieta
license,licencia
somewhat,algo
positions,posiciones
Collection,Colección
Andrew,Andrés
tracks,pistas
explained,explicado
referred,referido
mountain,montaña
dining,comida
Justice,Justicia
privacy,intimidad
Class,Clase
shops,tiendas
electric,eléctrico
rear,trasero
confidence,confianza
Perhaps,Quizás
silver,plata
personally,personalmente
dropped,abandonó
Place,Lugar
wild,salvaje
abuse,abuso
suit,traje
Airport,Aeropuerto
matters,asuntos
Guide,Guía
Awards,Premios
entertainment,entretenimiento
Mr,Señor
Jackson,Jackson
external,externo
Was,Era
yellow,amarillo
unable,incapaz
lights,luces
TO,PARA
choices,opciones
comparison,comparación
Pro,Pro
sad,triste
chain,cadena
meal,comida
Sale,Venta
Continue,Continuar
prove,probar
browser,navegador
campus,instalaciones
impossible,imposible
false,falso
moments,momentos
Iraq,Irak
describe,describir
apps,aplicaciones
respond,responder
kinds,tipos
motion,movimiento
Greek,griego
maintenance,mantenimiento
cat,gato
professionals,profesionales
Welcome,Bienvenido
nuclear,nuclear
Jersey,Jersey
dangerous,peligroso
border,frontera
roll,rollo
cycle,ciclo
Though,Aunque
linked,vinculado
cookies,galletas
obtained,adquirido
salt,sal
Executive,Ejecutivo
hell,infierno
reader,lector
earned,ganado
protected,protegido
element,elemento
settings,ajustes
assist,ayudar
regional,regional
passing,paso
definition,definición
Britain,Bretaña
consumers,consumidores
Spain,España
truck,camión
frequently,frecuentemente
assume,asumir
authors,autores
legs,piernas
Links,Enlaces
justice,justicia
messages,mensajes
affected,afectado
Frank,Franco
historic,histórico
Finally,Finalmente
Zealand,Zelanda
candidates,candidatos
millions,millones
Country,País
conflict,conflicto
lies,mentiras
provider,proveedor
newspaper,periódico
drivers,conductores
Light,Luz
Civil,Civil
Ryan,Ryan
Holy,Santo
ad,anuncio
colour,color
walls,paredes
arm,brazo
plate,plato
FREE,GRATIS
inches,pulgadas
differences,diferencias
logo,logo
Yeah,sí
Professor,Profesor
interior,interior
equipped,equipado
chose,eligió
IP,IP
pack,paquete
patterns,patrones
crew,tripulación
Having,Teniendo
Roman,romano
army,Ejército
serves,sirve
meat,carne
soul,alma
Manchester,Manchester
chapter,capítulo
Colorado,Colorado
Sea,Mar
ingredients,ingredientes
register,Registrarse
actor,actor
suitable,apropiado
Mountain,montaña
contemporary,contemporáneo
Fire,Fuego
Ben,Ben
incredible,increíble
extensive,extenso
exclusive,exclusivo
exact,exacto
III,III
Daniel,Daniel
participate,participar
Station,Estación
occur,ocurrir
Books,Libros
weapons,armas
visited,visitado
writers,escritores
ratio,proporción
V,V
ass,culo
confirmed,confirmado
estimated,estimado
efficient,eficiente
transport,transporte
identity,identidad
Secretary,Secretario
versions,versiones
division,división
Article,Artículo
crisis,crisis
discover,descubrir
horse,caballo
recovery,recuperación
sport,deporte
hardware,hardware
prepare,preparar
Students,Estudiantes
e-mail,Email
threat,amenaza
doors,puertas
objects,objetos
3D,3D
neither,ninguno
reaction,reacción
emergency,emergencia
compare,comparar
Sam,Sam
papers,documentos
furniture,muebles
y,y
king,Rey
capable,capaz
Senior,Mayor
practical,práctico
crowd,multitud
bridge,puente
survey,encuesta
vacation,vacaciones
normally,normalmente
sick,enfermo
opposite,opuesto
HD,HD
B.,B.
constantly,constantemente
noise,ruido
mail,correo
honor,honor
listening,escuchando
Harry,Harry
Store,Tienda
blocks,bloques
grown,crecido
Brian,Brian
Coast,Costa
Eastern,Oriental
heads,cabezas
hole,agujero
organized,organizado
phase,fase
talks,negociaciones
bottle,botella
presentation,presentación
committee,comité
consumer,consumidor
resource,recurso
parent,padre
Yet,Todavía
statements,declaraciones
port,Puerto
occurred,ocurrió
K,K
shoot,disparo
visual,visual
Source,Fuente
thinks,piensa
revenue,ingresos
Published,Publicado
persons,personas
murder,asesinato
Championship,Campeonato
Everything,Todo
banks,bancos
shots,disparos
deleted,eliminado
talent,talento
arts,letras
r,r
acts,hechos
matches,partidos
f,F
Number,Número
medicine,medicamento
therapy,terapia
emotional,emocional
ages,siglos
cutting,corte
employee,empleado
chair,silla
flag,bandera
pleased,satisfecho
split,separar
searching,buscando
fund,fondo
magic,magia
strange,extraño
Such,Tal
industrial,industrial
killing,asesinato
reserved,reservado
Elizabeth,Elizabeth
humans,humanos
possibility,posibilidad
upcoming,próximo
invention,invención
trading,comercio
bodies,cuerpos
circumstances,circunstancias
literally,literalmente
awards,premios
inspiration,inspiración
agencies,agencias
arrival,llegada
U,U
LLC,LLC
accident,accidente
favourite,favorito
Taylor,Taylor
R.,R.
prison,prisión
nights,noches
Building,Edificio
constant,constante
Details,Detalles
basketball,baloncesto
Avenue,Avenida
Sir,señor
brief,breve
interface,interfaz
remote,remoto
D.,D.
weren,eran
era,era
height,altura
smile,sonrisa
tag,etiqueta
downtown,centro
leg,pierna
spoke,habló
Play,Jugar
Tim,Tim
installation,instalación
institutions,instituciones
Garden,Jardín
jump,salto
necessarily,necesariamente
Supreme,Supremo
obtain,obtener
Main,Principal
effectively,efectivamente
expressed,expresado
earn,ganar
designer,diseñador
Tony,Tony
Hello,Hola
existence,existencia
PDF,PDF
dad,padre
relative,relativo
Travel,Viaje
sheet,hoja
streets,calles
stunning,impresionante
technique,técnica
foods,alimentos
Available,Disponible
Kevin,Kevin
Forum,Foro
L.,L.
drawing,dibujo
talked,habló
latter,último
escape,escapar
suggests,sugiere
authorities,autoridades
collect,recoger
Four,Cuatro
recipes,recetas
v,v
plot,trama
tested,probado
Season,Temporada
literature,literatura
arrested,detenido
illegal,ilegal
represented,representado
Follow,Seguir
photography,fotografía
observed,observado
gotten,conseguido
scenes,escenas
agents,agentes
sentence,frase
Control,Control
celebrate,celebrar
acid,ácido
depth,profundidad
desk,escritorio
aside,aparte
shift,cambio
coast,costa
Being,Ser
monthly,mensual
Arizona,Arizona
feelings,sentimientos
plane,plano
commitment,compromiso
fishing,pesca
Natural,Natural
Navy,Armada
Author,Autor
tired,cansado
registration,registro
professor,profesor
zone,zona
duty,deber
consistent,consistente
singer,cantante
Action,Acción
cloud,nube
increases,aumenta
Houston,Houston
planet,planeta
editing,edición
spiritual,espiritual
Products,Productos
birds,aves
widely,ampliamente
discount,descuento
listing,listado
vs,vs
stations,estaciones
titles,títulos
represents,representa
improvement,mejora
seats,asientos
contained,contenido
atmosphere,atmósfera
decade,década
Job,Trabajo
edited,editado
Stephen,Stephen
Prince,Príncipe
Wall,pared
Magazine,Revista
passion,pasión
empty,vacío
lake,lago
permission,permiso
alive,viva
bars,barras
studied,estudió
impressive,impresionante
submit,enviar
pure,puro
neck,cuello
convenient,conveniente
adventure,aventuras
Theatre,Teatro
gifts,regalos
blogs,blogs
oh,Oh
Edward,Eduardo
resistance,resistencia
seasons,estaciones
El,El
Prime,principal
publication,publicación
secondary,secundario
promise,promesa
exposure,exposición
intelligence,inteligencia
Dan,Dan
adds,agrega
Hollywood,Hollywood
invited,invitado
BBC,BBC
clothing,ropa
thick,grueso
concert,concierto
unknown,desconocido
fiction,ficción
urban,urbano
eggs,huevos
manual,manual
forth,adelante
Point,Punto
extreme,extremo
Table,Mesa
enjoying,disfrutando
networks,redes
pet,mascota
Field,Campo
Korea,Corea
Story,Historia
Following,Siguiente
severe,grave
Scotland,Escocia
affordable,accesible
capture,capturar
Columbia,Columbia
extent,grado
H.,H.
aspect,aspecto
motor,motor
employment,empleo
IN,EN
Clinton,Clinton
Through,Mediante
lol,jajaja
Alex,Alex
producer,productor
Space,Espacio
procedure,procedimiento
Father,Padre
conduct,conducta
western,occidental
manufacturing,fabricación
regions,regiones
password,contraseña
Software,Software
consists,consiste
Miami,Miami
incident,incidente
tournament,torneo
Reading,Leer
editors,editores
leather,cuero
Memorial,monumento
Corporation,Corporación
alcohol,alcohol
Gallery,Galería
Lady,señora
factory,fábrica
wins,gana
Section,Sección
default,defecto
min,min
joy,alegría
lady,señora
bags,pantalón
component,componente
flights,vuelos
brands,marcas
Cross,Cruz
contrast,contraste
references,referencias
decent,bueno
labor,labor
sections,secciones
Things,Cosas
monitoring,vigilancia
struggle,dificil
faces,caras
attorney,abogado
victims,víctimas
suggestions,sugerencias
Staff,Personal
foundation,Fundación
bear,soportar
proof,prueba
establish,establecer
programming,programación
wheel,rueda
situations,situaciones
Latin,latín
Land,Tierra
soldiers,soldados
opinions,opiniones
Plan,Plan
strategies,estrategias
languages,idiomas
assessment,evaluación
Quality,Calidad
stood,destacado
Disney,Disney
respectively,respectivamente
sizes,tamaños
suffering,sufrimiento
recognize,reconocer
Size,Tamaño
believes,cree
continuing,continuo
drama,drama
assets,activos
researchers,investigadores
Davis,Davis
Close,Cerrar
immediate,inmediato
EU,UE
Total,Total
memories,recuerdos
bath,baño
architecture,arquitectura
infrastructure,infraestructura
monitor,monitor
Golden,dorado
informed,informado
presents,presenta
lawyer,abogado
golf,golf
guarantee,garantía
Eric,Eric
enemy,enemigo
solo,solo
achieved,logrado
Rose,Rosa
permanent,permanente
integrated,integrado
newly,recién
attempts,intentos
l,l
roof,techo
Customer,Cliente
granted,otorgado
inner,interno
Way,Camino
chart,gráfico
association,asociación
initially,inicialmente
Wilson,Wilson
yours,tuyo
joining,unión
efficiency,eficiencia
chemical,químico
mixture,mezcla
meetings,reuniones
Administration,Administración
procedures,procedimientos
cuts,cortes
copies,copias
Q,Q
circuit,circuito
exists,existe
Title,Título
Studies,Estudios
tube,tubo
carbon,carbón
Silver,Plata
Credit,Crédito
Jason,Jason
Based,Basado
festival,festival
lets,vamos
Never,Nunca
rural,rural
Mac,Mac
Previous,Anterior
opposed,opuesto
relations,relaciones
depends,depende
sauce,salsa
Insurance,Seguro
bet,apuesta
solar,solar
Wales,Gales
manufacturer,fabricante
offices,oficinas
accessible,accesible
Articles,Artículos
luxury,lujo
Word,Palabra
sees,ve
strongly,fuertemente
Systems,Sistemas
submitted,enviado
structures,estructuras
Victoria,Victoria
expansion,expansión
rental,alquiler
giant,gigante
Shipping,Transporte
kit,equipo
Rating,Clasificación
generated,generado
pics,fotos
requests,peticiones
contest,concurso
Nothing,Nada
commonly,comúnmente
tone,tono
pounds,libras
percentage,porcentaje
Diego,Diego
explains,explica
extension,extensión
DNA,ADN
indicate,indicar
principles,principios
adopted,adoptado
guidelines,pautas
19th,19
premium,prima
scientists,científicos
assigned,asignado
equivalent,equivalente
laid,establecido
proposal,propuesta
forest,bosque
weird,extraño
bonus,prima
creates,crea
oven,horno
script,texto
officially,oficialmente
hopefully,Ojalá
Doctor,Doctor
machines,máquinas
troops,tropas
booking,reserva
OR,O
retired,retirado
legislation,legislación
favor,favor
hire,contratar
ships,buques
samples,muestras
union,Unión
teeth,dientes
lessons,lecciones
mistake,error
YouTube,YouTube
covering,cubierta
channels,canales
operate,funcionar
Without,Sin
contribute,contribuir
chat,chat
entrance,Entrada
destination,destino
skill,habilidad
arrive,llegar
brilliant,brillante
bass,bajo
stream,Arroyo
describes,describe
amounts,cantidades
accommodation,alojamiento
everybody,todos
sexy,sexy
yeah,sí
sufficient,suficiente
ultimate,último
transportation,transporte
index,índice
fifth,quinto
mm,mm
styles,estilos
modified,modificado
appointment,cita
soil,tierra
virtual,virtual
recognition,reconocimiento
merely,simplemente
computers,ordenadores
Heart,Corazón
availability,disponibilidad
communications,comunicaciones
Professional,Profesional
tall,alto
personality,personalidad
vary,variar
puts,pone
Studio,Estudio
awareness,conciencia
episodes,episodios
Too,También
belief,creencia
landscape,paisaje
trend,tendencia
reputation,reputación
Officer,Oficial
saving,ahorro
shut,cerrar
column,columna
dynamic,dinámica
url,url
victim,víctima
solve,resolver
contributions,contribuciones
visible,visible
faculty,facultad
approval,aprobación
Kim,Kim
Kids,Niños
bands,bandas
wave,ola
lay,poner
liquid,líquido
quotes,citas
providers,proveedores
Empire,Imperio
ads,anuncios
broadcast,transmisión
teen,adolescente
Mother,Madre
suffered,sufrió
Battle,Batalla
scheme,esquema
reduction,reducción
Donald,Donald
accessories,accesorios
broad,amplio
raw,crudo
responses,respuestas
assistant,asistente
weak,débil
frequency,frecuencia
sequence,secuencia
profit,lucro
beds,camas
boxes,cajas
template,plantilla
opposition,oposición
museum,museo
gained,ganado
injured,herido
producing,productor
favorites,favoritos
deck,plataforma
introduction,Introducción
sky,cielo
household,familiar
generate,generar
branch,rama
Alexander,Alejandro
tries,intentos
terrible,terrible
storm,tormenta
dish,plato
Model,Modelo
acquired,adquirido
Card,Tarjeta
elections,elecciones
orange,naranja
hopes,esperanzas
careful,Cuidado
regard,respecto
Bar,Bar
sight,visión
situated,situado
id,identificación
rose,Rosa
exposed,expuesto
wire,cable
rice,arroz
invoice,factura
marks,marcas
F.,F.
maintained,mantenido
Events,Eventos
sessions,sesiones
Bridge,Puente
shoulder,hombro
Wed,casarse
desired,deseado
shit,mierda
singing,cantando
council,Consejo
asks,pregunta
Village,Pueblo
Could,Podría
Spirit,Espíritu
Photos,Fotos
tape,cinta
plain,sencillo
attitude,actitud
garage,garaje
breast,seno
IS,ES
payments,pagos
Max,Max
greatly,muy
Kong,Kong
universe,universo
Lewis,Luis
Register,Registrarse
consensus,consenso
transmission,transmisión
moral,moral
painted,pintado
entries,entradas
implementation,implementación
guard,Guardia
divided,dividido
Vegas,Vegas
racing,carreras
brothers,hermanos
addresses,direcciones
risks,riesgos
Brazil,Brasil
meals,comidas
essay,ensayo
comic,cómic
guilty,culpable
explanation,explicación
summary,resumen
wealth,poder
Edition,Edición
attractive,atractivo
Hong,Hong
accused,acusado
thousand,mil
admin,administración
Governor,Gobernador
Box,Caja
transition,transición
root,raíz
â,a
connections,conexiones
Among,Entre
stable,estable
indicated,indicado
dollar,dólar
ALL,TODOS
formal,formal
Figure,Figura
roads,carreteras
Fri,Vie
pan,sartén
Death,Muerte
electrical,eléctrico
Resources,Recursos
Mon,Lun
flexible,flexible
enhance,mejorar
NO,NO
Account,Cuenta
childhood,infancia
statistics,Estadísticas
shirt,camisa
h,h
pregnant,embarazada
anniversary,aniversario
gallery,galería
Has,Tiene
USB,USB
trends,tendencias
crash,choque
Agency,Agencia
occurs,ocurre
wherein,donde
injuries,lesiones
collaboration,colaboración
unusual,raro
viewed,visto
proven,probado
zero,cero
improving,mejorando
cock,polla
passes,pasa
Five,Cinco
im,soy
tissue,tejido
Jane,Jane
directions,direcciones
gender,género
Forest,bosque
iPad,iPad
conclusion,conclusión
Rome,Roma
founder,fundador
comedy,comedia
translation,traducción
programme,programa
offensive,ofensiva
clock,reloj
origin,origen
End,Fin
essentially,esencialmente
Allen,Allen
minister,ministro
spots,lugares
Captain,Capitán
entering,entrando
Access,Acceso
institution,institución
Anonymous,Anónimo
representative,representante
opens,abre
handling,manejo
Final,Final
graphics,gráficos
consumption,consumo
Phone,Teléfono
philosophy,filosofía
god,Dios
edits,ediciones
absolute,absoluto
fault,culpa
exception,excepción
usage,uso
correctly,correctamente
Child,Niño
cotton,algodón
lyrics,letra
lesson,lección
formation,formación
removal,eliminación
voting,votación
albums,álbumes
Tue,mar
declared,declarado
auto,auto
pace,ritmo
Change,Cambio
errors,errores
Anthony,Antonio
functional,funcional
sensitive,sensible
requested,solicitado
Chapter,Capítulo
string,cuerda
concerning,sobre
performances,actuaciones
consideration,consideración
Simon,Simón
sensor,sensor
Visit,Visita
Personal,Personal
Test,Prueba
Egypt,Egipto
Matthew,Mateo
egg,huevo
Jr,Jr
applicable,aplicable
faced,enfrentó
suppose,suponer
journal,diario
piano,piano
Thu,Jue
developers,desarrolladores
routine,rutina
Schools,Escuelas
Case,Caso
letting,dejando
findings,recomendaciones
equally,Igualmente
ease,facilidad
fingers,dedos
maps,mapas
chances,posibilidades
promotion,promoción
pocket,bolsillo
FOR,POR
nobody,nadie
administrative,administrativo
Israeli,israelí
Create,Crear
recommendations,recomendaciones
heavily,fuertemente
Regional,Regional
combat,combate
survive,sobrevivir
responded,respondió
Members,Miembros
tables,mesas
Anderson,Anderson
prize,premio
couples,parejas
exhibition,exposición
engines,motores
resort,recurso
assembly,montaje
navigation,navegación
Tech,Tecnología
strategic,estratégico
grounds,jardines
array,formación
superior,superior
finance,Finanzas
ban,prohibición
bedrooms,dormitorios
Content,Contenido
Results,Resultados
interviews,entrevistas
resulted,resultó
Howard,Howard
occasion,ocasión
chest,pecho
centers,centros
principal,principal
peak,cima
spaces,espacios
sought,buscado
smoke,fumar
constructed,construido
Le,Le
Andy,Andy
Channel,Canal
Fund,Fondo
employed,empleado
printing,impresión
Questions,Preguntas
choosing,elegir
deeply,profundamente
concrete,hormigón
rising,creciente
holidays,vacaciones
mountains,montañas
nations,naciones
hat,sombrero
Las,Las
URL,URL
flavor,sabor
drives,conduce
Friends,Amigos
proved,demostrado
confident,seguro
recall,recordar
personnel,personal
Several,Varios
boss,patrón
ceremony,ceremonia
Ed,Ed
enforcement,aplicación
Ann,Ana
Ministry,Ministerio
settled,establecido
argue,discutir
visits,visitas
preparation,preparación
Experience,Experiencia
somebody,alguien
pussy,coño
innovation,innovación
−,-
fantasy,fantasía
nose,nariz
communicate,comunicar
telephone,teléfono
Golf,Golf
Language,Idioma
Him,Él
Property,Propiedad
Words,Palabras
calendar,calendario
evolution,evolución
barely,apenas
prime,principal
scope,alcance
Capital,Capital
prayer,oración
Sony,Sony
welcoming,acogedor
Samsung,Samsung
managing,gerente
objective,objetivo
infection,infección
Official,Oficial
Years,Años
powder,polvo
layout,diseño
defeated,derrotado
reserve,reserva
Trade,Comercio
pump,bomba
Popular,Popular
Features,Características
rape,violación
signature,firma
Port,Puerto
accuracy,precisión
peaceful,tranquilo
composed,compuesto
manufacturers,fabricantes
boost,aumentar
Study,Estudio
certified,certificado
uploaded,subido
territory,territorio
surrounded,rodeado
Oxford,Oxford
Archives,Archivo
Finance,Finanzas
drinks,bebidas
temporary,temporal
flower,flor
hall,sala
requirement,requisito
breaks,rompe
narrow,estrecho
Info,Información
courts,tribunales
viewing,visita
defeat,fracaso
Maria,Maria
pilot,piloto
forums,foros
contribution,contribución
Mexican,mexicano
rank,rango
warranty,garantía
surely,seguramente
compete,competir
Parliament,Parlamento
Low,Bajo
confirm,confirmar
hill,Cerro
toys,juguetes
Cancel,Cancelar
breath,aliento
bone,hueso
Duke,Duque
angle,ángulo
signals,señales
wheels,ruedas
presidential,presidencial
Islands,Islas
extend,ampliar
romantic,romántico
belt,cinturón
actors,actores
Much,Mucho
juice,jugo
curious,curioso
Third,Tercera
studying,estudiando
pleasant,agradable
mechanism,mecanismo
poetry,poesía
Moore,Moore
reform,reforma
concepts,conceptos
indicates,indica
intense,intenso
Kate,Kate
loud,fuerte
engagement,compromiso
sand,arena
meters,metros
T.,T.
accordance,conformidad
Nations,Naciones
packed,lleno
complaint,queja
diseases,enfermedades
vital,vital
Tax,Impuesto
dishes,platos
cats,gatos
stages,etapas
graphic,gráfico
setup,configuración
experiment,experimentar
"1,000",1.000
achievement,logro
21st,21
contents,contenido
arguments,argumentos
define,definir
championship,campeonato
priority,prioridad
Tips,Consejos
density,densidad
publishing,publicación
grab,tomar
mouse,ratón
participation,participación
composition,composición
pants,pantalones
Weight,Peso
Francis,Francis
golden,dorado
relation,relación
rapidly,rápidamente
Level,Nivel
Anne,Ana
fluid,líquido
Alan,Alan
Anna,Anna
dust,polvo
periods,periodos
finger,dedo
logic,lógica
seed,semilla
hero,héroe
politician,político
firms,firmas
Original,Original
Send,Enviar
Industry,Industria
Arab,árabe
Style,Estilo
winners,ganadores
lately,últimamente
Anyone,Alguien
demands,demandas
virus,virus
Orange,naranja
suffer,sufrir
filling,relleno
Actually,Realmente
champion,campeón
demonstrate,demostrar
vocals,voz
Linux,Linux
layers,capas
signing,firma
Movie,Película
danger,peligro
conventional,convencional
blogging,blogs
Prices,Precios
attempted,intentó
judgment,juicio
babies,bebés
Holiday,Fiesta
math,Matemáticas
burning,incendio
enemies,enemigos
illness,enfermedad
pro,Pro
hearts,corazones
expenses,gastos
Castle,Castillo
Defense,Defensa
formula,fórmula
framework,estructura
Color,Color
blend,mezcla
principle,principio
decline,disminución
cameras,cámaras
implement,implementar
scoring,puntuación
capabilities,capacidades
eastern,oriental
Cape,capa
Bruce,Bruce
losses,pérdidas
Stadium,Estadio
Nature,Naturaleza
electricity,electricidad
applies,aplica
NBA,NBA
18th,18
Arthur,Arturo
admitted,aceptado
ON,SOBRE
anybody,cualquiera
Charlie,Charlie
AT,A
mirror,espejo
sons,hijos
Step,Paso
automatic,automático
photographer,fotógrafo
fundamental,fundamental
Syria,Siria
Peace,Paz
App,Aplicación
satisfied,satisfecho
Afghanistan,Afganistán
Fashion,Moda
preparing,preparando
horses,caballos
addressed,dirigido
distinct,distinto
targets,objetivos
mystery,misterio
towns,pueblos
weapon,arma
titled,noble
governments,gobiernos
Month,Mes
fewer,menos
fails,falla
residence,residencia
2.0,2.0
concentration,concentración
1.5,"1,5"
pricing,precios
genre,género
demonstrated,demostrado
repeat,repetir
upload,subir
destroy,destruir
ranked,clasificado
bits,bits
packages,paquetes
Auto,Auto
colours,colores
Delivery,Entrega
workshop,taller
discovery,descubrimiento
Solutions,Soluciones
seeds,semillas
Sciences,Ciencias
ownership,propiedad
Sure,Seguro
disaster,desastre
desktop,escritorio
Poland,Polonia
poverty,pobreza
Body,Cuerpo
flour,harina
improvements,mejoras
instrument,instrumento
depression,depresión
Constitution,Constitución
theater,teatro
colleagues,colegas
introduce,introducir
apparent,aparente
Beauty,Belleza
difficulty,dificultad
Affairs,asuntos
instant,instante
shock,choque
armed,armado
intellectual,intelectual
Working,Laboral
cm,cm
Planning,Planificación
picking,cosecha
genuine,auténtico
evaluation,evaluación
Vietnam,Vietnam
themes,temas
absence,ausencia
fake,falso
venue,sede
exam,examen
hunting,caza
ill,enfermo
maintaining,mantener
tracking,seguimiento
configuration,configuración
sole,único
dear,querido
Youth,Juventud
documentary,documental
Moon,Luna
vegetables,verduras
loaded,cargado
Culture,Cultura
roughly,aproximadamente
reveals,revela
mistakes,errores
phrase,frase
derived,derivado
relating,relativo
convinced,convencido
boots,botas
insight,conocimiento
temperatures,temperaturas
combine,combinar
directory,directorio
defend,defender
province,provincia
instruments,instrumentos
reception,recepción
non,no
impression,impresión
LA,LA
suicide,suicidio
elegant,elegante
jurisdiction,jurisdicción
focusing,enfoque
sustainable,sostenible
heating,calefacción
segment,segmento
soccer,fútbol
tags,etiquetas
railway,ferrocarril
Antonio,Antonio
rely,confiar
Sept,Septiembre
displays,muestra
makeup,maquillaje
joke,broma
criticism,crítica
formerly,antes
stopping,parada
volunteers,voluntarios
Round,Ronda
jewelry,joyas
Analysis,Análisis
twenty,20
pride,orgullo
struggling,luchando
amongst,entre
Pinterest,Pinterest
Province,Provincia
Pope,Papa
Environmental,Ambiental
satellite,satélite
tennis,tenis
bond,vínculo
conversion,conversión
speaks,habla
roots,raíces
highlight,destacar
disk,disco
corresponding,correspondiente
HP,HP
horror,horror
module,módulo
industries,industrias
designated,designado
12th,12
consent,consentimiento
purchases,compras
Works,Obras
waves,ondas
Sex,Sexo
Breakfast,Desayuno
stability,estabilidad
cited,citado
hired,contratado
calm,calma
Marine,Marina
Large,Grande
Legal,Legal
survival,supervivencia
converted,convertido
Magic,magia
mini,mini
sin,pecado
rescue,rescate
spoken,hablado
wing,ala
functionality,funcionalidad
boyfriend,novio
Justin,Justin
Band,Banda
Independent,Independiente
wisdom,sabiduría
tower,torre
integration,integración
certificate,certificado
Route,Ruta
Bishop,obispo
reads,lee
Unit,Unidad
platforms,plataformas
highway,autopista
Jonathan,Jonathan
Roger,Roger
heaven,cielo
wage,sueldo
engaging,atractivo
texture,textura
beliefs,creencias
Y,Y
tablet,tableta
Greece,Grecia
targeted,dirigido
Temple,templo
diversity,diversidad
wishes,deseos
Jennifer,Jennifer
commission,comisión
dancing,baile
Technical,Técnico
IV,IV
dispute,disputa
Mayor,Alcalde
engineer,ingeniero
liberal,liberal
Reserve,reserva
del,del
Got,Tiene
Profile,Perfil
strip,banda
Prize,Premio
etc.,etc.
enterprise,empresa
frequent,frecuente
Kitchen,Cocina
Better,Mejor
keyboard,teclado
Luke,Lucas
exceptional,excepcional
complaints,quejas
arranged,organizado
tears,lágrimas
paintings,pinturas
announcement,anuncio
duties,deberes
di,di
Ten,Diez
suite,suite
Given,Dado
churches,iglesias
servers,servidores
subsequently,después
precious,precioso
collections,colecciones
involvement,intervención
Region,Región
penalty,multa
dose,dosis
contracts,contratos
sing,cantar
initiative,iniciativa
ft,pie
edges,bordes
regulation,regulación
compliance,cumplimiento
utility,utilidad
Christopher,Cristóbal
theatre,teatro
happiness,felicidad
singles,individual
parallel,paralelo
nicely,bien
instruction,instrucción
Besides,además
Song,Canción
governor,gobernador
continuous,continuo
rapid,rápido
temple,templo
Philippines,Filipinas
participated,participó
satisfaction,satisfacción
folder,carpeta
movements,movimientos
backup,respaldo
Woman,Mujer
crimes,crímenes
Categories,Categorías
evaluate,evaluar
interpretation,interpretación
symbol,símbolo
HIV,VIH
threats,amenazas
immigration,inmigración
assault,asalto
chairman,presidente
investigate,investigar
Excellent,Excelente
Between,Entre
poem,poema
emphasis,énfasis
buttons,botones
Cambridge,Cambridge
Sweden,Suecia
representation,representación
Convention,Convención
cart,carro
processor,procesador
sum,suma
spectacular,espectacular
emotions,emociones
abandoned,abandonado
specialist,especialista
publisher,editor
designers,diseñadores
cozy,acogedor
17th,17
referring,referente
adjust,ajustar
destruction,destrucción
agenda,agenda
census,censo
announce,anunciar
waters,aguas
identification,identificación
Laura,Laura
cry,llorar
centuries,siglos
witness,testigo
mechanical,mecánico
passengers,pasajeros
outer,exterior
universities,universidades
jazz,jazz
Economic,Económico
genes,genes
Born,Nació
restrictions,restricciones
loop,círculo
moon,Luna
Chairman,Presidente
oral,oral
fallen,caído
knee,rodilla
abilities,habilidades
excess,exceso
throwing,lanzamiento
celebrated,celebrado
diagnosis,diagnóstico
Corps,Cuerpo
apple,manzana
floors,pisos
Boys,Niños
RSS,RSS
novels,novelas
mg,mg
establishment,establecimiento
classical,clásico
grace,gracia
expecting,esperando
K.,K.
mounted,montado
forgotten,olvidado
violation,violación
LOL,jajaja
Item,Artículo
produces,produce
publications,publicaciones
Construction,Construcción
Upon,Sobre
musicians,músicos
Bureau,Oficina
Agreement,Convenio
convert,convertir
routes,rutas
Always,Siempre
15th,15
nervous,nervioso
Am,Soy
parameters,parámetros
decrease,disminución
Double,Doble
stomach,estómago
parks,parques
anxiety,ansiedad
romance,romance
encounter,encuentro
variable,variable
passage,paso
Son,Hijo
invite,invitación
laser,láser
Address,Dirección
Century,Siglo
dressed,vestido
stamp,sello
acres,hectáreas
publish,publicar
Brand,Marca
mid,medio
Historic,Histórico
horrible,horrible
literary,literario
exit,Salida
lands,tierras
width,ancho
generations,generaciones
dialogue,diálogo
Rate,Índice
corn,maíz
timing,momento
regime,régimen
lawyers,abogados
beaches,playas
incorporated,incorporado
begun,comenzado
attractions,atracciones
ranging,rango
liability,responsabilidad
Communications,Comunicaciones
ruling,decisión
WordPress,WordPress
ceiling,techo
Meeting,Cita
solely,solamente
panels,paneles
colleges,colegios
newspapers,periódicos
Swedish,sueco
compatible,compatible
substance,sustancia
trials,juicios
receives,recibe
Course,Curso
sponsored,patrocinado
photograph,fotografía
FC,FC
ears,orejas
wiki,wiki
mainstream,convencional
jacket,chaqueta
Gulf,Golfo
sheets,hojas
slight,leve
Princess,princesa
protest,protesta
grey,gris
duration,duración
possession,posesión
receiver,receptor
Offer,Oferta
neighbors,vecinos
overcome,superar
invest,invertir
fraud,fraude
representatives,representantes
Jose,José
intention,intención
tale,cuento
enhanced,mejorado
producers,productores
creativity,creatividad
permit,permiso
trains,trenes
closure,cierre
radiation,radiación
DJ,DJ
Jerry,alemán
franchise,franquicia
hiring,contratación
Videos,Videos
Mission,Misión
ink,tinta
diameter,diámetro
chairs,sillas
behaviour,comportamiento
pdf,pdf
scenario,guión
consult,consultar
surprising,sorprendente
fiscal,fiscal
sixth,sexto
FL,Florida
outcomes,resultados
narrative,narrativa
shame,vergüenza
enjoyable,agradable
sisters,hermanas
excuse,excusa
worker,trabajador
genus,género
TripAdvisor,TripAdvisor
directors,directores
intent,intención
intelligent,inteligente
lab,laboratorio
hospitals,hospitales
universal,universal
separated,apartado
quit,dejar
aims,objetivos
accompanied,acompañado
13th,13
artistic,artístico
attempting,intentando
loads,cargas
yoga,yoga
medication,medicamento
Morning,Mañana
pets,mascotas
Former,Anterior
Shopping,Compras
suggestion,sugerencia
icon,icono
gathering,reunión
humor,humor
occasions,ocasiones
physician,médico
Hopefully,Ojalá
placing,colocación
Remove,Eliminar
experimental,experimental
minimal,mínimo
Freedom,Libertad
democracy,democracia
Dad,Padre
rocks,rocas
Walter,Walter
operator,operador
examination,examen
exclusively,exclusivamente
affairs,asuntos
mining,minería
exhibit,exposición
Text,Texto
replied,respondido
Johnny,Johnny
Index,Índice
resolve,resolver
jury,jurado
captain,capitán
drops,gotas
inventory,inventario
popularity,popularidad
gardens,jardines
qualify,calificar
indoor,interior
daughters,hijas
poll,encuesta
extraordinary,extraordinario
cruise,crucero
carries,lleva
lips,labios
besides,además
diabetes,diabetes
Sport,Deporte
followers,seguidores
contacts,contactos
Albert,Albert
Java,Java
Deals,Ofertas
bomb,bomba
14th,14
independence,independencia
paragraph,párrafo
fridge,nevera
accomplished,logrado
feeding,alimentación
Alliance,Alianza
Had,Tenía
Engineer,Ingeniero
environments,ambientes
magical,mágico
venture,riesgo
heritage,herencia
Politics,Política
expense,gastos
dual,doble
Tokyo,Tokio
Photography,Fotografía
coaching,entrenamiento
actively,activamente
Joined,Unido
regards,Saludos
SEO,SEO
remembered,recordado
1970s,1970
I.,I.
acquisition,adquisición
Hotels,Hoteles
iOS,iOS
Message,Mensaje
plates,platos
google,Google
Alice,Alicia
flexibility,flexibilidad
terror,terror
sec,segundo
squad,equipo
reminded,recordó
collective,colectivo
dies,muere
experiments,experimentos
blank,blanco
fitted,equipado
networking,redes
disorder,trastorno
vertical,vertical
Tower,Torre
Nelson,Nelson
settle,resolver
Notes,Notas
ranking,clasificación
banned,prohibido
subscription,suscripción
Simply,Simplemente
adoption,adopción
garlic,ajo
pic,Foto
Rules,Normas
eliminate,eliminar
dough,masa
entity,entidad
humanity,humanidad
alert,alerta
detection,detección
batteries,pilas
Historical,Histórico
poet,poeta
knife,cuchillo
suggesting,sugerencia
Inside,Dentro
silent,silencio
innocent,inocente
considerable,considerable
rings,anillos
intervention,intervención
coal,carbón
shapes,formas
attract,atraer
Im,Soy
tail,cola
judges,jueces
terrorist,terrorista
MORE,MÁS
von,von
queen,reina
Instagram,Instagram
organisation,organización
oxygen,oxígeno
delivers,entrega
Partners,Socios
Nation,Nación
possibilities,posibilidades
fancy,elegante
Philip,Felipe
dependent,dependiente
remind,recordar
stylish,elegante
Moscow,Moscú
shade,sombra
stadium,estadio
viewers,espectadores
Restaurant,Restaurante
Equipment,Equipo
Revolution,Revolución
handed,entregó
districts,distritos
commented,comentó
households,hogares
fiber,fibra
fruits,frutas
measurement,medición
headquarters,sede
arrangement,arreglo
LinkedIn,LinkedIn
Coffee,Café
discounts,descuentos
counts,cuenta
maker,fabricante
ministry,ministerio
equity,capital
meaningful,significativo
mere,mero
protecting,proteger
magazines,revistas
recover,recuperar
investments,inversiones
males,machos
sake,motivo
finest,mejor
Jerusalem,Jerusalén
execution,ejecución
Ukraine,Ucrania
voices,voces
failing,defecto
Value,Valor
pipe,tubo
Z,Z
ought,debería
earnings,ganancias
sized,tamaño
ya,ya
dresses,vestidos
br,br
BMW,BMW
reminds,recuerda
forming,formando
apartments,apartamentos
emissions,emisiones
operates,opera
attendance,asistencia
twelve,doce
physics,física
spectrum,espectro
realistic,realista
steam,vapor
asset,activo
skilled,experto
killer,asesino
comprises,comprende
awful,horrible
chamber,cámara
Carl,Carl
mi,mi
profits,ganancias
browse,navegar
holy,santo
legacy,legado
booked,reservado
inform,informar
musician,músico
citizen,ciudadano
integrity,integridad
authentic,auténtico
mayor,alcalde
Dear,querido
promises,promesas
conversations,conversaciones
permitted,permitido
handy,práctico
occupation,ocupación
campaigns,campañas
liver,hígado
documentation,documentación
advantages,ventajas
uniform,uniforme
1960s,1960
secretary,secretario
threads,hilos
Someone,Alguien
cultures,culturas
enormous,enorme
Audio,Audio
gains,ganancias
Guard,Guardia
affiliated,asociado
du,du
quantity,cantidad
smartphone,smartphone
dirt,tierra
grid,red
divorce,divorcio
THIS,ESTA
teens,adolescentes
populations,poblaciones
backing,apoyo
folk,gente
Commercial,Comercial
mixing,mezcla
overseas,exterior
Enterprise,Empresa
trails,caminos
Industrial,Industrial
Version,Versión
Switzerland,Suiza
travelers,viajeros
stem,madre
Interview,Entrevista
Thailand,Tailandia
excitement,emoción
suspension,suspensión
Palace,Palacio
muscles,músculos
stroke,carrera
regarded,considerado
Samuel,Samuel
workout,ejercicio
cabinet,gabinete
Loading,Cargando
significance,significado
commit,cometer
texts,textos
occupied,ocupado
Practice,Práctica
adequate,adecuado
funded,fundado
wings,alas
tackle,entrada
villages,pueblos
friendship,amistad
exercises,ejercicios
imagination,imaginación
aka,alias
assess,evaluar
aluminum,aluminio
marine,marina
departure,salida
Pictures,Imágenes
revolution,revolución
Yoga,Yoga
warming,calentamiento
Rio,Río
Linda,linda
patio,patio
honey,miel
verify,verificar
bottles,botellas
decides,decide
tropical,tropical
Picture,Fotografía
Answer,Respuesta
bikes,bicicletas
agricultural,agrícola
bacteria,bacterias
VA,Virginia
slot,espacio
beneath,bajo
confusion,confusión
medal,medalla
abortion,aborto
beings,seres
logical,lógico
guides,guías
manufactured,fabricado
cooperation,cooperación
des,des
Transportation,Transporte
reservation,reserva
streaming,transmisión
Television,Televisión
secured,asegurado
acceptance,aceptación
disorders,trastornos
intake,consumo
valley,Valle
Knight,Caballero
silence,silencio
confirmation,confirmación
Brothers,Hermanos
Certified,Certificado
Grade,Calificación
cousin,primo
deemed,considerado
Around,Alrededor
Angel,Ángel
productive,productivo
mount,montar
adapted,adaptado
Federation,Federación
crystal,cristal
yield,producir
Organization,Organización
Animal,Animal
boats,barcos
charts,gráficos
k,k
Township,Municipio
grain,grano
variations,variaciones
gentle,amable
suits,trajes
islands,islas
tongue,lengua
Left,Izquierda
glory,gloria
affects,afecta
beloved,amado
hoped,esperado
engineers,ingenieros
transformation,transformación
classified,clasificado
insights,perspectivas
castle,castillo
Record,Registro
partially,parcialmente
determination,determinación
lemon,limón
seemingly,aparentemente
jeans,pantalones
creator,creador
labels,etiquetas
corruption,corrupción
pie,tarta
tutorial,tutorial
bay,Bahía
crop,cultivo
NASA,NASA
cure,cura
retain,conservar
translated,traducido
footage,imágenes
radical,radical
composer,compositor
tension,tensión
acquire,adquirir
twist,giro
skirt,falda
Must,Debe
potatoes,patatas
alike,similar
woods,bosque
lease,alquiler
variation,variación
owns,posee
Orlando,Orlando
steady,firme
partial,parcial
Less,Menos
consisting,consistente
Norway,Noruega
templates,plantillas
intensity,intensidad
lover,amante
"100,000",100.000
seeks,busca
facebook,Facebook
reaches,alcanza
dried,seco
searched,buscado
charm,encanto
Summary,Resumen
surfaces,superficies
ordering,ordenar
difficulties,dificultades
ski,esquí
der,der
monster,monstruo
wars,guerras
vendors,vendedores
blast,explosión
capability,capacidad
Arena,Arena
inclusion,inclusión
royal,real
mechanisms,mecanismos
precise,preciso
Written,Escrito
scholarship,beca
seal,sello
departments,departamentos
metres,metros
welfare,bienestar
measuring,medición
GA,Georgia
Forums,Foros
reflects,refleja
Intel,Intel
mins,minutos
crossing,cruce
Seven,Siete
superb,magnífico
Cooper,cobre
adventures,aventuras
commentary,comentario
shadow,sombra
boundaries,límites
computing,informática
Status,Estado
conservation,conservación
Champions,Campeones
forecast,pronóstico
Universal,Universal
mysterious,misterioso
sentences,frases
parish,parroquia
Base,Base
Ever,Siempre
limitations,limitaciones
priest,sacerdote
structural,estructural
Dragon,Continuar
touched,tocado
burden,carga
steal,robar
psychological,psicológico
Others,Otros
enjoys,disfruta
da,da
discipline,disciplina
Metro,Metro
Villa,Villa
Suite,Suite
fleet,flota
massage,masaje
sacrifice,sacrificio
closet,armario
editorial,editorial
portable,portátil
Subject,Tema
indicating,indicando
deserves,merece
architect,arquitecto
reactions,reacciones
console,consola
Conditions,Condiciones
Treatment,Tratamiento
artificial,artificial
grows,crece
mild,leve
partly,parcialmente
Jazz,Jazz
animation,animación
lounge,salón
Indonesia,Indonesia
placement,colocación
Metal,Metal
Cut,Corte
GPS,GPS
preview,avance
Voice,Voz
prevention,prevención
traditions,tradiciones
dot,punto
balcony,balcón
Theater,Teatro
creatures,criaturas
suppliers,proveedores
breathing,respiración
Outdoor,Exterior
protocol,protocolo
PhD,Doctor
theories,teorías
extract,extraer
trucks,camiones
accomplish,realizar
gray,gris
logged,registrado
habits,hábitos
copper,cobre
convince,convencer
cloth,tela
assignment,asignación
Juan,Juan
libraries,bibliotecas
login,acceso
Kings,Reyes
Columbus,Colón
mask,máscara
kg,kg
Production,Producción
objectives,objetivos
filters,filtros
basket,cesta
Apartment,Departamento
25th,25
laboratory,laboratorio
neighbor,vecino
quest,búsqueda
pairs,pares
Gray,gris
belongs,pertenece
precisely,precisamente
afterwards,después
informative,informativo
Puerto,Puerto
apparatus,aparato
ed,ed
retreat,retirada
Zone,Zona
Brazilian,brasileño
treating,tratando
portrait,retrato
fitting,adecuado
Liberty,Libertad
substitute,sustituir
administrator,administrador
testimony,testimonio
leaf,hoja
ex,ex
Baptist,Bautista
specialized,especializado
profession,profesión
compound,compuesto
Almost,Casi
immigrants,inmigrantes
curve,curva
prayers,oraciones
Tickets,Entradas
responsibilities,responsabilidades
worlds,mundos
Kit,Equipo
Operations,Operaciones
Rich,Rico
electronics,electrónica
Upper,Superior
founding,establecimiento
municipality,municipio
vocal,vocal
Mail,Correo
query,consulta
filing,presentación
submissions,presentaciones
mothers,madres
Studios,Estudios
laughing,risa
chemistry,química
recommendation,recomendación
seating,asientos
volumes,volúmenes
speeds,velocidades
initiatives,iniciativas
fate,destino
teaches,enseña
contrary,contrario
nutrition,nutrición
Commerce,Comercio
observation,observación
instances,instancias
Emma,Emma
reflection,reflexión
promotional,promocional
deny,negar
Mini,Mini
productivity,productividad
Pool,Piscina
iTunes,iTunes
exterior,exterior
Furniture,Muebles
facilitate,facilitar
petition,petición
Faith,Fe
acknowledge,reconocer
dimensions,dimensiones
arrives,llega
effectiveness,eficacia
Core,Centro
satisfy,satisfacer
particles,partículas
kingdom,Reino
transform,transformar
calories,calorías
unto,hasta
lightweight,ligero
exploration,exploración
alot,mucho
spouse,esposa
tends,tiende
soldier,soldado
reserves,reservas
Archive,Archivo
invasion,invasión
discrimination,discriminación
preference,preferencia
motivation,motivación
reduces,reduce
observations,observaciones
Mars,Marte
dominant,dominante
sends,envía
designing,diseño
Costa,Costa
legend,leyenda
disability,discapacidad
agriculture,agricultura
bones,huesos
shoulders,espalda
financing,financiación
stones,piedras
Oscar,Oscar
annually,anualmente
travels,viajes
innings,entrada
FM,FM
margin,margen
profiles,perfiles
Crown,corona
Teacher,Maestro
proposals,propuestas
accepting,aceptar
winds,vientos
neat,ordenado
clever,inteligente
syndrome,síndrome
defendant,acusado
Snow,Nieve
Movies,Películas
detect,detectar
phenomenon,fenómeno
lovers,amantes
wines,vinos
archive,archivo
lbs,libras
Faculty,Facultad
yarn,hilo
Memory,Memoria
borders,fronteras
imaging,imagen
scientist,científico
merchandise,mercancías
Notice,Aviso
perception,percepción
variables,variables
searches,búsquedas
wanna,querer
poems,poemas
assessed,juzgado
Argentina,Argentina
unemployment,desempleo
clue,pista
operators,operadores
punishment,castigo
seventh,séptimo
Belgium,Bélgica
Discussion,Discusión
alarm,alarma
Oliver,Oliver
counting,contando
Truth,Verdad
throat,garganta
ports,puertos
beam,Haz
starter,inicio
Earl,Conde
linear,lineal
peoples,pueblos
Login,Acceso
journalists,periodistas
XP,XP
consciousness,conciencia
Target,Objetivo
YOUR,TU
darkness,oscuridad
Portuguese,portugués
patience,paciencia
Includes,Incluye
font,fuente
rally,reunión
terrace,terraza
cycling,ciclismo
responsive,sensible
assured,seguro
wounded,herido
earning,ganador
adopt,adoptar
jumping,saltar
Engine,Motor
chapters,capítulos
couch,sofá
Motor,Motor
selecting,seleccionar
organisations,organizaciones
flavors,sabores
agreements,acuerdos
Users,Usuarios
freely,libremente
tourism,turismo
paths,caminos
proceed,Continuar
Communication,Comunicación
clinic,clínica
Clear,Claro
Carlos,Carlos
Operation,Operación
wont,no
bases,bases
qualities,cualidades
wheat,trigo
trash,basura
justify,justificar
recipient,recipiente
organize,organizar
constitutional,constitucional
vessels,vasos
tastes,sabores
advocate,defensor
missions,misiones
pays,paga
crown,corona
stairs,escaleras
suited,adecuado
Xbox,Xbox
Austria,Austria
rival,rival
Palm,Palma
30th,30
grandmother,abuela
specialty,especialidad
tricks,trucos
import,importar
opera,ópera
analyze,analizar
Homes,Casas
clouds,nubes
protective,protector
investing,invertir
poorly,mal
seller,vendedor
independently,independientemente
terrorism,terrorismo
verse,verso
Directory,Directorio
modify,modificar
harsh,duro
Near,Cerca
thirty,treinta
obligation,obligación
tourists,turistas
complexity,complejidad
influences,influencias
careers,carreras
essence,esencia
arriving,llegando
consultation,consulta
separation,separación
Intelligence,Inteligencia
sells,vende
presenting,presentación
hub,centro
utilize,utilizar
battles,batallas
decor,decoración
specifications,especificaciones
legally,legalmente
wound,herida
Saints,Santos
Mario,Mario
embedded,incorporado
distinction,distinción
inflation,inflación
observe,observar
Catherine,Catalina
Against,Contra
rotation,rotación
switched,cambiado
roster,lista
drawings,dibujos
ME,ME
attorneys,abogados
counsel,consejo
incorporate,incorporar
bathrooms,baños
orientation,orientación
flesh,carne
delighted,contento
generating,generando
Denmark,Dinamarca
encountered,encontrado
Budget,Presupuesto
deadly,mortal
Rooms,Habitaciones
acted,actuó
Ideas,Ideas
kills,mata
Programs,Programas
Chamber,Cámara
Response,Respuesta
Portugal,Portugal
sofa,sofá
combines,combina
Says,Dice
comply,cumplir
demo,manifestación
checkout,verificar
accurately,precisamente
psychology,psicología
screens,pantallas
defence,defensa
formats,formatos
Imperial,Imperial
Campus,Instalaciones
merge,unir
underneath,debajo
Spa,Spa
Vista,Vista
waist,cintura
gaining,ganando
negotiations,negociaciones
sectors,sectores
Cruz,Cruz
readily,fácilmente
entities,entidades
imposed,impuso
spokesman,portavoz
footballer,futbolista
linking,enlace
Virgin,Virgen
Interior,Interior
Barcelona,Barcelona
EP,EP
prospect,perspectiva
prisoners,prisioneros
Accessories,Accesorios
compromise,compromiso
performs,realiza
columns,columnas
anime,anime
sensitivity,sensibilidad
supplier,proveedor
warrant,orden
Letter,Carta
Champion,Campeón
ensures,asegura
"2,000",2.000
bugs,insectos
appliances,accesorios
Submit,Enviar
ribbon,cinta
recordings,grabaciones
Cuba,Cuba
blade,espada
resistant,resistente
Apps,Aplicaciones
Mt,Monte
listened,escuchado
junk,basura
Payment,Pago
invitation,invitación
1950s,1950
commander,comandante
und,und
alternatives,alternativas
moisture,humedad
Victor,Víctor
Julia,Julia
taxi,taxi
companion,compañero
coins,monedas
fame,fama
Cultural,Cultural
Registration,Registro
blocking,bloqueo
venues,lugares
explosion,explosión
buses,autobuses
practically,prácticamente
Madrid,Madrid
shore,orilla
Points,Puntos
raises,levanta
logs,registros
Harbor,Puerto
23rd,23
attraction,atracción
strengthen,fortalecer
Calendar,Calendario
Woods,bosque
Relations,Relaciones
Focus,Atención
Movement,Movimiento
dude,tipo
Statement,Declaración
equation,ecuación
firing,disparo
revenues,ingresos
wears,viste
possess,poseer
personalized,personalizado
illustrations,ilustraciones
dynamics,dinámica
thesis,tesis
RAM,RAM
intend,intentar
tits,tetas
Transport,Transporte
Tournament,Torneo
butt,extremo
com,com
Highly,Muy
24th,24
Soul,Alma
allies,aliados
extending,extensión
barrier,barrera
struggles,luchas
touches,toca
democratic,democrático
shades,sombras
dessert,postre
CIA,CIA
Les,Les
achieving,logrando
didnt,no
Ah,Ah
dick,polla
vegetable,vegetal
outlets,salidas
presentations,presentaciones
cinema,cine
blonde,Rubio
mate,compañero
pasta,pasta
onion,cebolla
premiere,estreno
preferences,preferencias
Bath,Baño
evident,evidente
medications,medicamentos
bronze,bronce
Certificate,Certificado
ours,nuestro
Campaign,Campaña
prohibited,prohibido
arrange,arreglar
fireplace,hogar
semester,semestre
grandfather,abuelo
implementing,implementar
compounds,compuestos
adaptation,adaptación
upgraded,actualizado
lightly,ligeramente
modes,modos
conflicts,conflictos
sword,espada
Congratulations,Felicidades
brake,freno
Process,Proceso
Ultimate,Último
protests,protestas
characteristic,característica
conscious,consciente
Plant,Planta
specialists,especialistas
skip,saltar
downloads,descargas
sentiment,sentimiento
foster,fomentar
magnificent,magnífico
proportion,proporción
Wind,Viento
commissioned,oficial
vitamin,vitamina
Strategy,Estrategia
creature,criatura
cargo,carga
Medal,Medalla
Nicholas,Nicolás
knees,rodillas
Nintendo,Nintendo
Material,Material
lasted,duró
manufacture,fabricar
Downtown,Centro
specially,especialmente
Advertising,Publicidad
Mediterranean,Mediterráneo
varying,variar
uncle,tío
infections,infecciones
mounting,montaje
disappeared,desaparecido
attributes,atributos
transit,tránsito
Census,Censo
forests,bosques
cord,cable
Grande,Grande
concerts,conciertos
builds,construye
probability,probabilidad
transparent,transparente
privilege,privilegio
medieval,medieval
brave,Bravo
prizes,premios
farming,agricultura
portal,portal
sacred,sagrado
Per,Por
emotion,emoción
excellence,excelencia
sporting,deportivo
banner,bandera
26th,26
labour,labor
visitor,visitante
navigate,navegar
coin,moneda
grave,tumba
Cable,Cable
Schedule,Calendario
countryside,campo
0.00,"0,00"
sleeve,manga
spreading,extensión
Solar,Solar
deficit,déficit
essays,ensayos
conferences,conferencias
meter,metro
destinations,destinos
gauge,indicador
oils,aceites
www.youtube.com,www.youtube.com
posters,carteles
genius,genio
supportive,apoyo
continuously,continuamente
archives,archivo
polls,centro
proceeds,producto
Manual,Manual
tragedy,tragedia
biography,biografía
anal,anal
momentum,impulso
watches,relojes
painter,pintor
Applications,Aplicaciones
Offers,Ofertas
built-in,incorporado
horizontal,horizontal
urge,impulso
Options,Opciones
dimension,dimensión
discharge,descarga
Created,Creado
peer,mirar
rentals,alquileres
trainer,entrenador
rivers,ríos
technological,tecnológico
Bedroom,Cuarto
arena,arena
highlighted,destacado
faithful,fiel
revision,revisión
achievements,logros
memorial,monumento
sanctions,sanciones
duo,dúo
sequences,secuencias
replies,respuestas
surveillance,vigilancia
Virtual,Virtual
Reference,Referencia
Nobody,Nadie
desires,deseos
remarks,comentarios
crops,cultivos
marketplace,mercado
swap,intercambio
crafted,elaborado
Cathedral,Catedral
V.,V.
journalism,periodismo
favour,favor
Hours,Horas
strips,tiras
Flag,Bandera
advances,avances
washed,lavado
historian,historiador
dictionary,diccionario
prompt,inmediato
Agriculture,Agricultura
clearance,autorización
clarity,claridad
elevated,elevado
spirits,espíritu
inquiry,consulta
cuisine,cocina
appealing,atractivo
fare,tarifa
terrorists,terroristas
threshold,umbral
inhabitants,habitantes
Introduction,Introducción
eliminated,eliminado
22nd,22
bicycle,bicicleta
sequel,continuación
earthquake,terremoto
throws,lanza
MY,MI
introducing,presentando
Statistics,Estadísticas
chaos,caos
continually,continuamente
upright,vertical
Female,Mujer
Nazi,nazi
torture,tortura
summit,cumbre
precision,precisión
breed,raza
fabrics,tejidos
robot,robot
tunnel,túnel
fires,incendios
backs,espaldas
matrix,matriz
28th,28
Eventually,Finalmente
prev,anterior
flowing,fluido
arise,aumentar
Karl,Karl
Fourth,Cuatro
elevation,elevación
Chapel,Capilla
cluster,grupo
lecture,conferencia
avoiding,evitando
peers,compañeros
tomato,tomate
tobacco,tabaco
surroundings,alrededores
ethics,ética
homework,tarea
varieties,variedades
charter,carta
Orchestra,Orquesta
classification,clasificación
mathematics,matemáticas
enters,entra
wool,lana
Gospel,Evangelio
Universe,Universo
pending,pendiente
unions,sindicatos
programmes,programas
Leo,León
municipal,municipal
fifteen,quince
champions,campeones
constitution,constitución
Planet,Planeta
qualifying,Calificación
cellular,celular
illustration,ilustración
Hitler,Hitler
Materials,Materiales
rhythm,ritmo
vendor,vendedor
Innovation,Innovación
villa,villa
Foster,fomentar
maintains,mantiene
27th,27
packs,paquetes
le,le
doctrine,doctrina
tendency,tendencia
stove,cocina
Athens,Atenas
civilian,civil
functioning,marcha
demonstrates,demuestra
fulfill,realizar
Sierra,Sierra
eternal,eterno
trap,trampa
deputy,diputado
insane,loco
LP,LP
Plaza,Plaza
equality,igualdad
terrific,fantástico
wages,salarios
Vienna,Viena
WA,Washington
permits,permisos
pension,pensión
murdered,asesinado
hardcore,duro
thoughtful,considerado
integral,integral
manga,manga
publishers,editores
Rural,Rural
adapt,adaptar
noon,mediodía
Dictionary,Diccionario
Angels,Ángeles
customized,personalizado
inviting,atractivo
garbage,basura
organised,organizado
touring,turismo
PS,PD
reservations,reservas
Password,Contraseña
Literature,Literatura
investigations,investigaciones
acids,ácidos
chains,cadenas
alumni,alumnos
prospective,futuro
march,marcha
parade,desfile
pills,pastillas
Trinity,Trinidad
mandatory,obligatorio
obligations,obligaciones
Topics,Temas
consequence,consecuencia
shaft,eje
accidents,accidentes
theoretical,teórico
adjustments,ajustes
securities,valores
Lab,Laboratorio
triple,triple
rows,filas
refugees,refugiados
Holland,Holanda
SA,SA
enthusiasm,entusiasmo
Seems,Parece
Similarly,similar
indicator,indicador
tubes,tubos
Portal,Portal
initiated,iniciado
Architecture,Arquitectura
fortune,fortuna
analyses,análisis
coalition,coalición
combinations,combinaciones
obtaining,obtención
meditation,meditación
inevitable,inevitable
connects,conecta
mobility,movilidad
holders,titulares
Aid,Ayuda
herbs,hierbas
GB,GB
revolutionary,revolucionario
Finland,Finlandia
competitions,competiciones
scandal,escándalo
launching,lanzamiento
zones,zonas
Theory,Teoría
Alfred,Alfredo
souls,almas
Commander,Comandante
brutal,brutal
fraction,fracción
Laboratory,Laboratorio
sciences,ciencias
teenager,adolescente
journals,revistas
wrestling,lucha
Milan,Milán
knowledgeable,experto
Joan,Joan
Soccer,Fútbol
Camera,Cámara
varies,varía
proprietary,propiedad
sticking,pega
Opening,Apertura
travellers,viajeros
construct,construir
Rico,Rico
penis,pene
Lucas,Lucas
traditionally,tradicionalmente
origins,orígenes
Rental,Alquiler
mold,molde
Sara,Sara
MI,MI
conclusions,conclusiones
yummy,delicioso
gravity,gravedad
warehouse,depósito
understands,entiende
Honor,Honor
intermediate,intermedio
sellers,vendedores
mechanics,mecánica
marker,marcador
Ancient,Antiguo
witnesses,testigos
ghost,fantasma
strap,Correa
Guitar,Guitarra
pursuit,búsqueda
masters,maestros
cycles,ciclos
considers,considera
statue,estatua
utilized,utilizado
festivals,festivales
lesser,menor
Dining,Comida
Door,Puerta
angel,Ángel
proves,prueba
integrate,integrar
surveys,encuestas
hi,Hola
reign,reinado
profound,profundo
Recipes,Recetas
midst,medio
expects,espera
runner,corredor
cables,cables
uncertainty,incertidumbre
loses,pierde
Moses,Moisés
magnitude,magnitud
tribe,tribu
CC,CC
execute,ejecutar
Florence,Florencia
infant,infantil
Employment,Empleo
rational,racional
speedy,rápido
weakness,debilidad
29th,29
promotions,promociones
est,est
Were,Fueron
Makes,Marcas
lid,tapa
pulls,tira
divisions,divisiones
outlook,panorama
assure,asegurar
wished,deseado
opt,optar
critic,crítico
exams,exámenes
GDP,PIB
Independence,Independencia
autumn,otoño
UV,UV
united,Unido
pickup,recoger
liberty,libertad
upgrades,actualizaciones
circulation,circulación
surname,apellido
worries,preocupaciones
associations,asociaciones
societies,sociedades
WITH,CON
similarly,similar
fixing,fijación
Projects,Proyectos
bride,novia
Mrs,señora
realm,reino
counted,contado
necessity,necesidad
domains,dominios
cave,cueva
exceptions,excepciones
museums,museos
FROM,DE
scenarios,escenarios
Medium,Medio
circular,circular
diagnostic,diagnóstico
utilizing,utilizando
barriers,barreras
employ,emplear
Workers,Trabajadores
conclude,concluir
accordingly,respectivamente
shiny,brillante
third-party,tercero
propose,proponer
slaves,esclavos
packet,paquete
Gate,Puerta
wikipedia,wikipedia
Del,Del
planes,aviones
intentions,intenciones
fifty,cincuenta
se,se
Clinic,Clínica
resigned,renunciar
guilt,culpa
fever,fiebre
phrases,frases
scent,olor
mortality,mortalidad
wonders,maravillas
abundance,abundancia
honour,honor
Cleaning,Limpieza
neighborhoods,barrios
Andrea,Andrea
Bernard,Bernardo
reproduction,reproducción
genuinely,verdaderamente
Venice,Venecia
behaviors,comportamientos
guitarist,guitarrista
postal,postal
develops,desarrolla
railroad,ferrocarril
mum,mamá
sculpture,escultura
axis,eje
warmth,calor
implies,implica
licenses,licencias
VERY,MUY
advocates,defensores
Hungary,Hungría
mineral,mineral
Chile,Chile
liable,responsable
deposits,depósitos
Colonel,Coronel
Assessment,Evaluación
Communist,Comunista
humble,humilde
utterly,absolutamente
par,par
molecules,moléculas
judicial,judicial
Battery,Batería
stuffed,relleno
creations,creaciones
Workshop,Taller
AS,COMO
attitudes,actitudes
BY,POR
sights,monumentos
Bass,Bajo
scenery,paisaje
calculate,calcular
"3,000",3000
tales,cuentos
Entry,Entrada
elaborate,elaborar
reforms,reformas
stranger,extraño
sins,pecados
modifications,modificaciones
alliance,Alianza
pastor,pastor
empire,imperio
quantities,cantidades
seniors,ancianos
approve,aprobar
Luis,Luis
celebrities,famosos
Theme,Tema
Menu,Menú
Excellence,Excelencia
Income,Ingreso
Athletic,Atlético
workforce,personal
cosy,acogedor
leak,fuga
antique,antiguo
Kid,Niño
sailing,navegación
ballot,votación
overly,demasiado
civilians,civiles
runners,corredores
buddy,compañero
masses,masas
ref,árbitro
disappear,desaparecer
comprised,compuesto
clarify,aclarar
harvest,cosecha
finals,finales
propaganda,propaganda
scanning,exploración
assumptions,supuestos
defines,define
Cheers,Salud
premises,local
thou,tú
disposal,disposición
Diana,Diana
noble,noble
successor,sucesor
Sally,Salida
indigenous,indígena
Foods,Alimentos
tolerance,tolerancia
Into,Dentro
revenge,venganza
Isaac,Isaac
Explore,Explorar
stance,postura
Contest,Concurso
pins,patas
tones,tonos
mod,modificación
declare,declarar
transparency,transparencia
complications,complicaciones
fur,piel
wishing,deseando
weigh,pesar
bridges,puentes
doesnt,no
terrain,terreno
teenagers,adolescentes
Hour,Hora
entrepreneurs,emprendedores
customs,costumbres
mailing,envío
SE,SE
IF,SI
consume,consumir
Devil,demonio
modification,modificación
improves,mejora
activate,activar
unity,unidad
withdrawal,retiro
invisible,invisible
Doesn,No
glance,mirada
Centers,Centros
heck,infierno
colonial,colonial
velocity,velocidad
Leonardo,Leonardo
gates,puertas
Prevention,Prevención
studios,estudios
tricky,difícil
criminals,criminales
doll,muñeca
traits,rasgos
promotes,promueve
q,q
launches,lanza
breathe,respirar
bucks,dólares
1930s,1930
eleven,once
tray,bandeja
Bella,Bella
31st,31
tissues,tejidos
announces,anuncia
centres,centros
siblings,hermanos
hello,Hola
hypothesis,hipótesis
Colombia,Colombia
Pierre,Pierre
surf,navegar
consuming,consumidor
correction,corrección
researcher,investigador
grief,dolor
lacks,carece
booth,puesto
institutional,institucional
protects,protege
Outlook,panorama
ur,tu
Formula,Fórmula
Lion,León
cult,culto
Activity,Actividad
whoever,quien
Gabriel,Gabriel
Math,Matemáticas
Motion,Movimiento
kindly,amable
appointments,equipo
filming,rodaje
priests,sacerdotes
accepts,acepta
english,inglés
Classes,Clases
backgrounds,antecedentes
albeit,aunque
Gov.,Gobernador
shifting,cambiando
hydrogen,hidrógeno
determines,determina
methodology,metodología
Tomorrow,Mañana
à,a
bishop,obispo
slim,Delgado
ample,amplio
LG,LG
complement,complemento
Poetry,Poesía
doubles,dobles
centered,centrado
salvation,salvación
bizarre,extraño
viewer,espectador
depicted,representado
variant,variante
hunger,hambre
inexpensive,barato
editions,ediciones
Psychology,Psicología
penalties,sanciones
lengthy,largo
leisure,ocio
Economy,Economía
sustain,sostener
introduces,introduce
flame,fuego
perfection,perfección
boom,auge
literacy,literatura
citizenship,ciudadanía
Example,Ejemplo
Physics,Física
merit,mérito
expressions,expresiones
straightforward,simple
ca,California
thy,tu
receptor,receptor
northwest,noroeste
ignorance,ignorancia
advertised,anunciado
supervision,supervisión
leverage,aprovechar
helmet,casco
Journey,Viaje
provincial,provincial
recalled,recordó
amended,modificado
